c,bfs,fa,w,sp,ca,fa,age,cs
540,0,0,162,2.5,1040,676,28,79.99
540,0,0,162,2.5,1055,676,28,61.89
332.5,142.5,0,228,0,932,594,270,40.27
332.5,142.5,0,228,0,932,594,365,41.05
198.6,132.4,0,192,0,978.4,825.5,360,44.3
266,114,0,228,0,932,670,90,47.03
380,95,0,228,0,932,594,365,43.7
380,95,0,228,0,932,594,28,36.45
266,114,0,228,0,932,670,28,45.85
475,0,0,228,0,932,594,28,39.29
198.6,132.4,0,192,0,978.4,825.5,90,38.07
198.6,132.4,0,192,0,978.4,825.5,28,28.02
427.5,47.5,0,228,0,932,594,270,43.01
190,190,0,228,0,932,670,90,42.33
304,76,0,228,0,932,670,28,47.81
380,0,0,228,0,932,670,90,52.91
139.6,209.4,0,192,0,1047,806.9,90,39.36
342,38,0,228,0,932,670,365,56.14
380,95,0,228,0,932,594,90,40.56
475,0,0,228,0,932,594,180,42.62
427.5,47.5,0,228,0,932,594,180,41.84
139.6,209.4,0,192,0,1047,806.9,28,28.24
139.6,209.4,0,192,0,1047,806.9,3,8.06
139.6,209.4,0,192,0,1047,806.9,180,44.21
380,0,0,228,0,932,670,365,52.52
380,0,0,228,0,932,670,270,53.3
380,95,0,228,0,932,594,270,41.15
342,38,0,228,0,932,670,180,52.12
427.5,47.5,0,228,0,932,594,28,37.43
475,0,0,228,0,932,594,7,38.6
304,76,0,228,0,932,670,365,55.26
266,114,0,228,0,932,670,365,52.91
198.6,132.4,0,192,0,978.4,825.5,180,41.72
475,0,0,228,0,932,594,270,42.13
190,190,0,228,0,932,670,365,53.69
237.5,237.5,0,228,0,932,594,270,38.41
237.5,237.5,0,228,0,932,594,28,30.08
332.5,142.5,0,228,0,932,594,90,37.72
475,0,0,228,0,932,594,90,42.23
237.5,237.5,0,228,0,932,594,180,36.25
342,38,0,228,0,932,670,90,50.46
427.5,47.5,0,228,0,932,594,365,43.7
237.5,237.5,0,228,0,932,594,365,39
380,0,0,228,0,932,670,180,53.1
427.5,47.5,0,228,0,932,594,90,41.54
427.5,47.5,0,228,0,932,594,7,35.08
349,0,0,192,0,1047,806.9,3,15.05
380,95,0,228,0,932,594,180,40.76
237.5,237.5,0,228,0,932,594,7,26.26
380,95,0,228,0,932,594,7,32.82
332.5,142.5,0,228,0,932,594,180,39.78
190,190,0,228,0,932,670,180,46.93
237.5,237.5,0,228,0,932,594,90,33.12
304,76,0,228,0,932,670,90,49.19
139.6,209.4,0,192,0,1047,806.9,7,14.59
198.6,132.4,0,192,0,978.4,825.5,7,14.64
475,0,0,228,0,932,594,365,41.93
198.6,132.4,0,192,0,978.4,825.5,3,9.13
304,76,0,228,0,932,670,180,50.95
332.5,142.5,0,228,0,932,594,28,33.02
304,76,0,228,0,932,670,270,54.38
266,114,0,228,0,932,670,270,51.73
310,0,0,192,0,971,850.6,3,9.87
190,190,0,228,0,932,670,270,50.66
266,114,0,228,0,932,670,180,48.7
342,38,0,228,0,932,670,270,55.06
139.6,209.4,0,192,0,1047,806.9,360,44.7
332.5,142.5,0,228,0,932,594,7,30.28
190,190,0,228,0,932,670,28,40.86
485,0,0,146,0,1120,800,28,71.99
374,189.2,0,170.1,10.1,926.1,756.7,3,34.4
313.3,262.2,0,175.5,8.6,1046.9,611.8,3,28.8
425,106.3,0,153.5,16.5,852.1,887.1,3,33.4
425,106.3,0,151.4,18.6,936,803.7,3,36.3
375,93.8,0,126.6,23.4,852.1,992.6,3,29
475,118.8,0,181.1,8.9,852.1,781.5,3,37.8
469,117.2,0,137.8,32.2,852.1,840.5,3,40.2
425,106.3,0,153.5,16.5,852.1,887.1,3,33.4
388.6,97.1,0,157.9,12.1,852.1,925.7,3,28.1
531.3,0,0,141.8,28.2,852.1,893.7,3,41.3
425,106.3,0,153.5,16.5,852.1,887.1,3,33.4
318.8,212.5,0,155.7,14.3,852.1,880.4,3,25.2
401.8,94.7,0,147.4,11.4,946.8,852.1,3,41.1
362.6,189,0,164.9,11.6,944.7,755.8,3,35.3
323.7,282.8,0,183.8,10.3,942.7,659.9,3,28.3
379.5,151.2,0,153.9,15.9,1134.3,605,3,28.6
362.6,189,0,164.9,11.6,944.7,755.8,3,35.3
286.3,200.9,0,144.7,11.2,1004.6,803.7,3,24.4
362.6,189,0,164.9,11.6,944.7,755.8,3,35.3
439,177,0,186,11.1,884.9,707.9,3,39.3
389.9,189,0,145.9,22,944.7,755.8,3,40.6
362.6,189,0,164.9,11.6,944.7,755.8,3,35.3
337.9,189,0,174.9,9.5,944.7,755.8,3,24.1
374,189.2,0,170.1,10.1,926.1,756.7,7,46.2
313.3,262.2,0,175.5,8.6,1046.9,611.8,7,42.8
425,106.3,0,153.5,16.5,852.1,887.1,7,49.2
425,106.3,0,151.4,18.6,936,803.7,7,46.8
375,93.8,0,126.6,23.4,852.1,992.6,7,45.7
475,118.8,0,181.1,8.9,852.1,781.5,7,55.6
469,117.2,0,137.8,32.2,852.1,840.5,7,54.9
425,106.3,0,153.5,16.5,852.1,887.1,7,49.2
388.6,97.1,0,157.9,12.1,852.1,925.7,7,34.9
531.3,0,0,141.8,28.2,852.1,893.7,7,46.9
425,106.3,0,153.5,16.5,852.1,887.1,7,49.2
318.8,212.5,0,155.7,14.3,852.1,880.4,7,33.4
401.8,94.7,0,147.4,11.4,946.8,852.1,7,54.1
362.6,189,0,164.9,11.6,944.7,755.8,7,55.9
323.7,282.8,0,183.8,10.3,942.7,659.9,7,49.8
379.5,151.2,0,153.9,15.9,1134.3,605,7,47.1
362.6,189,0,164.9,11.6,944.7,755.8,7,55.9
286.3,200.9,0,144.7,11.2,1004.6,803.7,7,38
362.6,189,0,164.9,11.6,944.7,755.8,7,55.9
439,177,0,186,11.1,884.9,707.9,7,56.1
389.9,189,0,145.9,22,944.7,755.8,7,59.09
362.6,189,0,164.9,11.6,944.7,755.8,7,22.9
337.9,189,0,174.9,9.5,944.7,755.8,7,35.1
374,189.2,0,170.1,10.1,926.1,756.7,28,61.09
313.3,262.2,0,175.5,8.6,1046.9,611.8,28,59.8
425,106.3,0,153.5,16.5,852.1,887.1,28,60.29
425,106.3,0,151.4,18.6,936,803.7,28,61.8
375,93.8,0,126.6,23.4,852.1,992.6,28,56.7
475,118.8,0,181.1,8.9,852.1,781.5,28,68.3
469,117.2,0,137.8,32.2,852.1,840.5,28,66.9
425,106.3,0,153.5,16.5,852.1,887.1,28,60.29
388.6,97.1,0,157.9,12.1,852.1,925.7,28,50.7
531.3,0,0,141.8,28.2,852.1,893.7,28,56.4
425,106.3,0,153.5,16.5,852.1,887.1,28,60.29
318.8,212.5,0,155.7,14.3,852.1,880.4,28,55.5
401.8,94.7,0,147.4,11.4,946.8,852.1,28,68.5
362.6,189,0,164.9,11.6,944.7,755.8,28,71.3
323.7,282.8,0,183.8,10.3,942.7,659.9,28,74.7
379.5,151.2,0,153.9,15.9,1134.3,605,28,52.2
362.6,189,0,164.9,11.6,944.7,755.8,28,71.3
286.3,200.9,0,144.7,11.2,1004.6,803.7,28,67.7
362.6,189,0,164.9,11.6,944.7,755.8,28,71.3
439,177,0,186,11.1,884.9,707.9,28,66
389.9,189,0,145.9,22,944.7,755.8,28,74.5
362.6,189,0,164.9,11.6,944.7,755.8,28,71.3
337.9,189,0,174.9,9.5,944.7,755.8,28,49.9
374,189.2,0,170.1,10.1,926.1,756.7,56,63.4
313.3,262.2,0,175.5,8.6,1046.9,611.8,56,64.9
425,106.3,0,153.5,16.5,852.1,887.1,56,64.3
425,106.3,0,151.4,18.6,936,803.7,56,64.9
375,93.8,0,126.6,23.4,852.1,992.6,56,60.2
475,118.8,0,181.1,8.9,852.1,781.5,56,72.3
469,117.2,0,137.8,32.2,852.1,840.5,56,69.3
425,106.3,0,153.5,16.5,852.1,887.1,56,64.3
388.6,97.1,0,157.9,12.1,852.1,925.7,56,55.2
531.3,0,0,141.8,28.2,852.1,893.7,56,58.8
425,106.3,0,153.5,16.5,852.1,887.1,56,64.3
318.8,212.5,0,155.7,14.3,852.1,880.4,56,66.1
401.8,94.7,0,147.4,11.4,946.8,852.1,56,73.7
362.6,189,0,164.9,11.6,944.7,755.8,56,77.3
323.7,282.8,0,183.8,10.3,942.7,659.9,56,80.2
379.5,151.2,0,153.9,15.9,1134.3,605,56,54.9
362.6,189,0,164.9,11.6,944.7,755.8,56,77.3
286.3,200.9,0,144.7,11.2,1004.6,803.7,56,72.99
362.6,189,0,164.9,11.6,944.7,755.8,56,77.3
439,177,0,186,11.1,884.9,707.9,56,71.7
389.9,189,0,145.9,22,944.7,755.8,56,79.4
362.6,189,0,164.9,11.6,944.7,755.8,56,77.3
337.9,189,0,174.9,9.5,944.7,755.8,56,59.89
374,189.2,0,170.1,10.1,926.1,756.7,91,64.9
313.3,262.2,0,175.5,8.6,1046.9,611.8,91,66.6
425,106.3,0,153.5,16.5,852.1,887.1,91,65.2
425,106.3,0,151.4,18.6,936,803.7,91,66.7
375,93.8,0,126.6,23.4,852.1,992.6,91,62.5
475,118.8,0,181.1,8.9,852.1,781.5,91,74.19
469,117.2,0,137.8,32.2,852.1,840.5,91,70.7
425,106.3,0,153.5,16.5,852.1,887.1,91,65.2
388.6,97.1,0,157.9,12.1,852.1,925.7,91,57.6
531.3,0,0,141.8,28.2,852.1,893.7,91,59.2
425,106.3,0,153.5,16.5,852.1,887.1,91,65.2
318.8,212.5,0,155.7,14.3,852.1,880.4,91,68.1
401.8,94.7,0,147.4,11.4,946.8,852.1,91,75.5
362.6,189,0,164.9,11.6,944.7,755.8,91,79.3
379.5,151.2,0,153.9,15.9,1134.3,605,91,56.5
362.6,189,0,164.9,11.6,944.7,755.8,91,79.3
286.3,200.9,0,144.7,11.2,1004.6,803.7,91,76.8
362.6,189,0,164.9,11.6,944.7,755.8,91,79.3
439,177,0,186,11.1,884.9,707.9,91,73.3
389.9,189,0,145.9,22,944.7,755.8,91,82.6
362.6,189,0,164.9,11.6,944.7,755.8,91,79.3
337.9,189,0,174.9,9.5,944.7,755.8,91,67.8
222.4,0,96.7,189.3,4.5,967.1,870.3,3,11.58
222.4,0,96.7,189.3,4.5,967.1,870.3,14,24.45
222.4,0,96.7,189.3,4.5,967.1,870.3,28,24.89
222.4,0,96.7,189.3,4.5,967.1,870.3,56,29.45
222.4,0,96.7,189.3,4.5,967.1,870.3,100,40.71
233.8,0,94.6,197.9,4.6,947,852.2,3,10.38
233.8,0,94.6,197.9,4.6,947,852.2,14,22.14
233.8,0,94.6,197.9,4.6,947,852.2,28,22.84
233.8,0,94.6,197.9,4.6,947,852.2,56,27.66
233.8,0,94.6,197.9,4.6,947,852.2,100,34.56
194.7,0,100.5,165.6,7.5,1006.4,905.9,3,12.45
194.7,0,100.5,165.6,7.5,1006.4,905.9,14,24.99
194.7,0,100.5,165.6,7.5,1006.4,905.9,28,25.72
194.7,0,100.5,165.6,7.5,1006.4,905.9,56,33.96
194.7,0,100.5,165.6,7.5,1006.4,905.9,100,37.34
190.7,0,125.4,162.1,7.8,1090,804,3,15.04
190.7,0,125.4,162.1,7.8,1090,804,14,21.06
190.7,0,125.4,162.1,7.8,1090,804,28,26.4
190.7,0,125.4,162.1,7.8,1090,804,56,35.34
190.7,0,125.4,162.1,7.8,1090,804,100,40.57
212.1,0,121.6,180.3,5.7,1057.6,779.3,3,12.47
212.1,0,121.6,180.3,5.7,1057.6,779.3,14,20.92
212.1,0,121.6,180.3,5.7,1057.6,779.3,28,24.9
212.1,0,121.6,180.3,5.7,1057.6,779.3,56,34.2
212.1,0,121.6,180.3,5.7,1057.6,779.3,100,39.61
230,0,118.3,195.5,4.6,1029.4,758.6,3,10.03
230,0,118.3,195.5,4.6,1029.4,758.6,14,20.08
230,0,118.3,195.5,4.6,1029.4,758.6,28,24.48
230,0,118.3,195.5,4.6,1029.4,758.6,56,31.54
230,0,118.3,195.5,4.6,1029.4,758.6,100,35.34
190.3,0,125.2,161.9,9.9,1088.1,802.6,3,9.45
190.3,0,125.2,161.9,9.9,1088.1,802.6,14,22.72
190.3,0,125.2,161.9,9.9,1088.1,802.6,28,28.47
190.3,0,125.2,161.9,9.9,1088.1,802.6,56,38.56
190.3,0,125.2,161.9,9.9,1088.1,802.6,100,40.39
166.1,0,163.3,176.5,4.5,1058.6,780.1,3,10.76
166.1,0,163.3,176.5,4.5,1058.6,780.1,14,25.48
166.1,0,163.3,176.5,4.5,1058.6,780.1,28,21.54
166.1,0,163.3,176.5,4.5,1058.6,780.1,56,28.63
166.1,0,163.3,176.5,4.5,1058.6,780.1,100,33.54
168,42.1,163.8,121.8,5.7,1058.7,780.1,3,7.75
168,42.1,163.8,121.8,5.7,1058.7,780.1,14,17.82
168,42.1,163.8,121.8,5.7,1058.7,780.1,28,24.24
168,42.1,163.8,121.8,5.7,1058.7,780.1,56,32.85
168,42.1,163.8,121.8,5.7,1058.7,780.1,100,39.23
213.7,98.1,24.5,181.7,6.9,1065.8,785.4,3,18
213.7,98.1,24.5,181.7,6.9,1065.8,785.4,14,30.39
213.7,98.1,24.5,181.7,6.9,1065.8,785.4,28,45.71
213.7,98.1,24.5,181.7,6.9,1065.8,785.4,56,50.77
213.7,98.1,24.5,181.7,6.9,1065.8,785.4,100,53.9
213.8,98.1,24.5,181.7,6.7,1066,785.5,3,13.18
213.8,98.1,24.5,181.7,6.7,1066,785.5,14,17.84
213.8,98.1,24.5,181.7,6.7,1066,785.5,28,40.23
213.8,98.1,24.5,181.7,6.7,1066,785.5,56,47.13
213.8,98.1,24.5,181.7,6.7,1066,785.5,100,49.97
229.7,0,118.2,195.2,6.1,1028.1,757.6,3,13.36
229.7,0,118.2,195.2,6.1,1028.1,757.6,14,22.32
229.7,0,118.2,195.2,6.1,1028.1,757.6,28,24.54
229.7,0,118.2,195.2,6.1,1028.1,757.6,56,31.35
229.7,0,118.2,195.2,6.1,1028.1,757.6,100,40.86
238.1,0,94.1,186.7,7,949.9,847,3,19.93
238.1,0,94.1,186.7,7,949.9,847,14,25.69
238.1,0,94.1,186.7,7,949.9,847,28,30.23
238.1,0,94.1,186.7,7,949.9,847,56,39.59
238.1,0,94.1,186.7,7,949.9,847,100,44.3
250,0,95.7,187.4,5.5,956.9,861.2,3,13.82
250,0,95.7,187.4,5.5,956.9,861.2,14,24.92
250,0,95.7,187.4,5.5,956.9,861.2,28,29.22
250,0,95.7,187.4,5.5,956.9,861.2,56,38.33
250,0,95.7,187.4,5.5,956.9,861.2,100,42.35
212.5,0,100.4,159.3,8.7,1007.8,903.6,3,13.54
212.5,0,100.4,159.3,8.7,1007.8,903.6,14,26.31
212.5,0,100.4,159.3,8.7,1007.8,903.6,28,31.64
212.5,0,100.4,159.3,8.7,1007.8,903.6,56,42.55
212.5,0,100.4,159.3,8.7,1007.8,903.6,100,42.92
212.6,0,100.4,159.4,10.4,1003.8,903.8,3,13.33
212.6,0,100.4,159.4,10.4,1003.8,903.8,14,25.37
212.6,0,100.4,159.4,10.4,1003.8,903.8,28,37.4
212.6,0,100.4,159.4,10.4,1003.8,903.8,56,44.4
212.6,0,100.4,159.4,10.4,1003.8,903.8,100,47.74
212,0,124.8,159,7.8,1085.4,799.5,3,19.52
212,0,124.8,159,7.8,1085.4,799.5,14,31.35
212,0,124.8,159,7.8,1085.4,799.5,28,38.5
212,0,124.8,159,7.8,1085.4,799.5,56,45.08
212,0,124.8,159,7.8,1085.4,799.5,100,47.82
231.8,0,121.6,174,6.7,1056.4,778.5,3,15.44
231.8,0,121.6,174,6.7,1056.4,778.5,14,26.77
231.8,0,121.6,174,6.7,1056.4,778.5,28,33.73
231.8,0,121.6,174,6.7,1056.4,778.5,56,42.7
231.8,0,121.6,174,6.7,1056.4,778.5,100,45.84
251.4,0,118.3,188.5,5.8,1028.4,757.7,3,17.22
251.4,0,118.3,188.5,5.8,1028.4,757.7,14,29.93
251.4,0,118.3,188.5,5.8,1028.4,757.7,28,29.65
251.4,0,118.3,188.5,5.8,1028.4,757.7,56,36.97
251.4,0,118.3,188.5,5.8,1028.4,757.7,100,43.58
251.4,0,118.3,188.5,6.4,1028.4,757.7,3,13.12
251.4,0,118.3,188.5,6.4,1028.4,757.7,14,24.43
251.4,0,118.3,188.5,6.4,1028.4,757.7,28,32.66
251.4,0,118.3,188.5,6.4,1028.4,757.7,56,36.64
251.4,0,118.3,188.5,6.4,1028.4,757.7,100,44.21
181.4,0,167,169.6,7.6,1055.6,777.8,3,13.62
181.4,0,167,169.6,7.6,1055.6,777.8,14,21.6
181.4,0,167,169.6,7.6,1055.6,777.8,28,27.77
181.4,0,167,169.6,7.6,1055.6,777.8,56,35.57
181.4,0,167,169.6,7.6,1055.6,777.8,100,45.37
182,45.2,122,170.2,8.2,1059.4,780.7,3,7.32
182,45.2,122,170.2,8.2,1059.4,780.7,14,21.5
182,45.2,122,170.2,8.2,1059.4,780.7,28,31.27
182,45.2,122,170.2,8.2,1059.4,780.7,56,43.5
182,45.2,122,170.2,8.2,1059.4,780.7,100,48.67
168.9,42.2,124.3,158.3,10.8,1080.8,796.2,3,7.4
168.9,42.2,124.3,158.3,10.8,1080.8,796.2,14,23.51
168.9,42.2,124.3,158.3,10.8,1080.8,796.2,28,31.12
168.9,42.2,124.3,158.3,10.8,1080.8,796.2,56,39.15
168.9,42.2,124.3,158.3,10.8,1080.8,796.2,100,48.15
290.4,0,96.2,168.1,9.4,961.2,865,3,22.5
290.4,0,96.2,168.1,9.4,961.2,865,14,34.67
290.4,0,96.2,168.1,9.4,961.2,865,28,34.74
290.4,0,96.2,168.1,9.4,961.2,865,56,45.08
290.4,0,96.2,168.1,9.4,961.2,865,100,48.97
277.1,0,97.4,160.6,11.8,973.9,875.6,3,23.14
277.1,0,97.4,160.6,11.8,973.9,875.6,14,41.89
277.1,0,97.4,160.6,11.8,973.9,875.6,28,48.28
277.1,0,97.4,160.6,11.8,973.9,875.6,56,51.04
277.1,0,97.4,160.6,11.8,973.9,875.6,100,55.64
295.7,0,95.6,171.5,8.9,955.1,859.2,3,22.95
295.7,0,95.6,171.5,8.9,955.1,859.2,14,35.23
295.7,0,95.6,171.5,8.9,955.1,859.2,28,39.94
295.7,0,95.6,171.5,8.9,955.1,859.2,56,48.72
295.7,0,95.6,171.5,8.9,955.1,859.2,100,52.04
251.8,0,99.9,146.1,12.4,1006,899.8,3,21.02
251.8,0,99.9,146.1,12.4,1006,899.8,14,33.36
251.8,0,99.9,146.1,12.4,1006,899.8,28,33.94
251.8,0,99.9,146.1,12.4,1006,899.8,56,44.14
251.8,0,99.9,146.1,12.4,1006,899.8,100,45.37
249.1,0,98.8,158.1,12.8,987.8,889,3,15.36
249.1,0,98.8,158.1,12.8,987.8,889,14,28.68
249.1,0,98.8,158.1,12.8,987.8,889,28,30.85
249.1,0,98.8,158.1,12.8,987.8,889,56,42.03
249.1,0,98.8,158.1,12.8,987.8,889,100,51.06
252.3,0,98.8,146.3,14.2,987.8,889,3,21.78
252.3,0,98.8,146.3,14.2,987.8,889,14,42.29
252.3,0,98.8,146.3,14.2,987.8,889,28,50.6
252.3,0,98.8,146.3,14.2,987.8,889,56,55.83
252.3,0,98.8,146.3,14.2,987.8,889,100,60.95
246.8,0,125.1,143.3,12,1086.8,800.9,3,23.52
246.8,0,125.1,143.3,12,1086.8,800.9,14,42.22
246.8,0,125.1,143.3,12,1086.8,800.9,28,52.5
246.8,0,125.1,143.3,12,1086.8,800.9,56,60.32
246.8,0,125.1,143.3,12,1086.8,800.9,100,66.42
275.1,0,121.4,159.5,9.9,1053.6,777.5,3,23.8
275.1,0,121.4,159.5,9.9,1053.6,777.5,14,38.77
275.1,0,121.4,159.5,9.9,1053.6,777.5,28,51.33
275.1,0,121.4,159.5,9.9,1053.6,777.5,56,56.85
275.1,0,121.4,159.5,9.9,1053.6,777.5,100,58.61
297.2,0,117.5,174.8,9.5,1022.8,753.5,3,21.91
297.2,0,117.5,174.8,9.5,1022.8,753.5,14,36.99
297.2,0,117.5,174.8,9.5,1022.8,753.5,28,47.4
297.2,0,117.5,174.8,9.5,1022.8,753.5,56,51.96
297.2,0,117.5,174.8,9.5,1022.8,753.5,100,56.74
213.7,0,174.7,154.8,10.2,1053.5,776.4,3,17.57
213.7,0,174.7,154.8,10.2,1053.5,776.4,14,33.73
213.7,0,174.7,154.8,10.2,1053.5,776.4,28,40.15
213.7,0,174.7,154.8,10.2,1053.5,776.4,56,46.64
213.7,0,174.7,154.8,10.2,1053.5,776.4,100,50.08
213.5,0,174.2,154.6,11.7,1052.3,775.5,3,17.37
213.5,0,174.2,154.6,11.7,1052.3,775.5,14,33.7
213.5,0,174.2,154.6,11.7,1052.3,775.5,28,45.94
213.5,0,174.2,154.6,11.7,1052.3,775.5,56,51.43
213.5,0,174.2,154.6,11.7,1052.3,775.5,100,59.3
277.2,97.8,24.5,160.7,11.2,1061.7,782.5,3,30.45
277.2,97.8,24.5,160.7,11.2,1061.7,782.5,14,47.71
277.2,97.8,24.5,160.7,11.2,1061.7,782.5,28,63.14
277.2,97.8,24.5,160.7,11.2,1061.7,782.5,56,66.82
277.2,97.8,24.5,160.7,11.2,1061.7,782.5,100,66.95
218.2,54.6,123.8,140.8,11.9,1075.7,792.7,3,27.42
218.2,54.6,123.8,140.8,11.9,1075.7,792.7,14,35.96
218.2,54.6,123.8,140.8,11.9,1075.7,792.7,28,55.51
218.2,54.6,123.8,140.8,11.9,1075.7,792.7,56,61.99
218.2,54.6,123.8,140.8,11.9,1075.7,792.7,100,63.53
214.9,53.8,121.9,155.6,9.6,1014.3,780.6,3,18.02
214.9,53.8,121.9,155.6,9.6,1014.3,780.6,14,38.6
214.9,53.8,121.9,155.6,9.6,1014.3,780.6,28,52.2
214.9,53.8,121.9,155.6,9.6,1014.3,780.6,56,53.96
214.9,53.8,121.9,155.6,9.6,1014.3,780.6,100,56.63
218.9,0,124.1,158.5,11.3,1078.7,794.9,3,15.34
218.9,0,124.1,158.5,11.3,1078.7,794.9,14,26.05
218.9,0,124.1,158.5,11.3,1078.7,794.9,28,30.22
218.9,0,124.1,158.5,11.3,1078.7,794.9,56,37.27
218.9,0,124.1,158.5,11.3,1078.7,794.9,100,46.23
376,0,0,214.6,0,1003.5,762.4,3,16.28
376,0,0,214.6,0,1003.5,762.4,14,25.62
376,0,0,214.6,0,1003.5,762.4,28,31.97
376,0,0,214.6,0,1003.5,762.4,56,36.3
376,0,0,214.6,0,1003.5,762.4,100,43.06
500,0,0,140,4,966,853,28,67.57
475,0,59,142,1.9,1098,641,28,57.23
315,137,0,145,5.9,1130,745,28,81.75
505,0,60,195,0,1030,630,28,64.02
451,0,0,165,11.3,1030,745,28,78.8
516,0,0,162,8.2,801,802,28,41.37
520,0,0,170,5.2,855,855,28,60.28
528,0,0,185,6.9,920,720,28,56.83
520,0,0,175,5.2,870,805,28,51.02
385,0,136,158,20,903,768,28,55.55
500.1,0,0,200,3,1124.4,613.2,28,44.13
450.1,50,0,200,3,1124.4,613.2,28,39.38
397,17.2,158,167,20.8,967,633,28,55.65
333,17.5,163,167,17.9,996,652,28,47.28
334,17.6,158,189,15.3,967,633,28,44.33
405,0,0,175,0,1120,695,28,52.3
200,200,0,190,0,1145,660,28,49.25
516,0,0,162,8.3,801,802,28,41.37
145,116,119,184,5.7,833,880,28,29.16
160,128,122,182,6.4,824,879,28,39.4
234,156,0,189,5.9,981,760,28,39.3
250,180,95,159,9.5,860,800,28,67.87
475,0,0,162,9.5,1044,662,28,58.52
285,190,0,163,7.6,1031,685,28,53.58
356,119,0,160,9,1061,657,28,59
275,180,120,162,10.4,830,765,28,76.24
500,0,0,151,9,1033,655,28,69.84
165,0,143.6,163.8,0,1005.6,900.9,3,14.4
165,128.5,132.1,175.1,8.1,1005.8,746.6,3,19.42
178,129.8,118.6,179.9,3.6,1007.3,746.8,3,20.73
167.4,129.9,128.6,175.5,7.8,1006.3,746.6,3,14.94
172.4,13.6,172.4,156.8,4.1,1006.3,856.4,3,21.29
173.5,50.1,173.5,164.8,6.5,1006.2,793.5,3,23.08
167,75.4,167,164,7.9,1007.3,770.1,3,15.52
173.8,93.4,159.9,172.3,9.7,1007.2,746.6,3,15.82
190.3,0,125.2,166.6,9.9,1079,798.9,3,12.55
250,0,95.7,191.8,5.3,948.9,857.2,3,8.49
213.5,0,174.2,159.2,11.7,1043.6,771.9,3,15.61
194.7,0,100.5,170.2,7.5,998,901.8,3,12.18
251.4,0,118.3,192.9,5.8,1043.6,754.3,3,11.98
165,0,143.6,163.8,0,1005.6,900.9,14,16.88
165,128.5,132.1,175.1,8.1,1005.8,746.6,14,33.09
178,129.8,118.6,179.9,3.6,1007.3,746.8,14,34.24
167.4,129.9,128.6,175.5,7.8,1006.3,746.6,14,31.81
172.4,13.6,172.4,156.8,4.1,1006.3,856.4,14,29.75
173.5,50.1,173.5,164.8,6.5,1006.2,793.5,14,33.01
167,75.4,167,164,7.9,1007.3,770.1,14,32.9
173.8,93.4,159.9,172.3,9.7,1007.2,746.6,14,29.55
190.3,0,125.2,166.6,9.9,1079,798.9,14,19.42
250,0,95.7,191.8,5.3,948.9,857.2,14,24.66
213.5,0,174.2,159.2,11.7,1043.6,771.9,14,29.59
194.7,0,100.5,170.2,7.5,998,901.8,14,24.28
251.4,0,118.3,192.9,5.8,1043.6,754.3,14,20.73
165,0,143.6,163.8,0,1005.6,900.9,28,26.2
165,128.5,132.1,175.1,8.1,1005.8,746.6,28,46.39
178,129.8,118.6,179.9,3.6,1007.3,746.8,28,39.16
167.4,129.9,128.6,175.5,7.8,1006.3,746.6,28,41.2
172.4,13.6,172.4,156.8,4.1,1006.3,856.4,28,33.69
173.5,50.1,173.5,164.8,6.5,1006.2,793.5,28,38.2
167,75.4,167,164,7.9,1007.3,770.1,28,41.41
173.8,93.4,159.9,172.3,9.7,1007.2,746.6,28,37.81
190.3,0,125.2,166.6,9.9,1079,798.9,28,24.85
250,0,95.7,191.8,5.3,948.9,857.2,28,27.22
213.5,0,174.2,159.2,11.7,1043.6,771.9,28,44.64
194.7,0,100.5,170.2,7.5,998,901.8,28,37.27
251.4,0,118.3,192.9,5.8,1043.6,754.3,28,33.27
165,0,143.6,163.8,0,1005.6,900.9,56,36.56
165,128.5,132.1,175.1,8.1,1005.8,746.6,56,53.72
178,129.8,118.6,179.9,3.6,1007.3,746.8,56,48.59
167.4,129.9,128.6,175.5,7.8,1006.3,746.6,56,51.72
172.4,13.6,172.4,156.8,4.1,1006.3,856.4,56,35.85
173.5,50.1,173.5,164.8,6.5,1006.2,793.5,56,53.77
167,75.4,167,164,7.9,1007.3,770.1,56,53.46
173.8,93.4,159.9,172.3,9.7,1007.2,746.6,56,48.99
190.3,0,125.2,166.6,9.9,1079,798.9,56,31.72
250,0,95.7,191.8,5.3,948.9,857.2,56,39.64
213.5,0,174.2,159.2,11.7,1043.6,771.9,56,51.26
194.7,0,100.5,170.2,7.5,998,901.8,56,43.39
251.4,0,118.3,192.9,5.8,1043.6,754.3,56,39.27
165,0,143.6,163.8,0,1005.6,900.9,100,37.96
165,128.5,132.1,175.1,8.1,1005.8,746.6,100,55.02
178,129.8,118.6,179.9,3.6,1007.3,746.8,100,49.99
167.4,129.9,128.6,175.5,7.8,1006.3,746.6,100,53.66
172.4,13.6,172.4,156.8,4.1,1006.3,856.4,100,37.68
173.5,50.1,173.5,164.8,6.5,1006.2,793.5,100,56.06
167,75.4,167,164,7.9,1007.3,770.1,100,56.81
173.8,93.4,159.9,172.3,9.7,1007.2,746.6,100,50.94
190.3,0,125.2,166.6,9.9,1079,798.9,100,33.56
250,0,95.7,191.8,5.3,948.9,857.2,100,41.16
213.5,0,174.2,159.2,11.7,1043.6,771.9,100,52.96
194.7,0,100.5,170.2,7.5,998,901.8,100,44.28
251.4,0,118.3,192.9,5.8,1043.6,754.3,100,40.15
446,24,79,162,11.6,967,712,28,57.03
446,24,79,162,11.6,967,712,28,44.42
446,24,79,162,11.6,967,712,28,51.02
446,24,79,162,10.3,967,712,28,53.39
446,24,79,162,11.6,967,712,3,35.36
446,24,79,162,11.6,967,712,3,25.02
446,24,79,162,11.6,967,712,3,23.35
446,24,79,162,11.6,967,712,7,52.01
446,24,79,162,11.6,967,712,7,38.02
446,24,79,162,11.6,967,712,7,39.3
446,24,79,162,11.6,967,712,56,61.07
446,24,79,162,11.6,967,712,56,56.14
446,24,79,162,11.6,967,712,56,55.25
446,24,79,162,10.3,967,712,56,54.77
387,20,94,157,14.3,938,845,28,50.24
387,20,94,157,13.9,938,845,28,46.68
387,20,94,157,11.6,938,845,28,46.68
387,20,94,157,14.3,938,845,3,22.75
387,20,94,157,13.9,938,845,3,25.51
387,20,94,157,11.6,938,845,3,34.77
387,20,94,157,14.3,938,845,7,36.84
387,20,94,157,13.9,938,845,7,45.9
387,20,94,157,11.6,938,845,7,41.67
387,20,94,157,14.3,938,845,56,56.34
387,20,94,157,13.9,938,845,56,47.97
387,20,94,157,11.6,938,845,56,61.46
355,19,97,145,13.1,967,871,28,44.03
355,19,97,145,12.3,967,871,28,55.45
491,26,123,210,3.9,882,699,28,55.55
491,26,123,201,3.9,822,699,28,57.92
491,26,123,210,3.9,882,699,3,25.61
491,26,123,210,3.9,882,699,7,33.49
491,26,123,210,3.9,882,699,56,59.59
491,26,123,201,3.9,822,699,3,29.55
491,26,123,201,3.9,822,699,7,37.92
491,26,123,201,3.9,822,699,56,61.86
424,22,132,178,8.5,822,750,28,62.05
424,22,132,178,8.5,882,750,3,32.01
424,22,132,168,8.9,822,750,28,72.1
424,22,132,178,8.5,822,750,7,39
424,22,132,178,8.5,822,750,56,65.7
424,22,132,168,8.9,822,750,3,32.11
424,22,132,168,8.9,822,750,7,40.29
424,22,132,168,8.9,822,750,56,74.36
202,11,141,206,1.7,942,801,28,21.97
202,11,141,206,1.7,942,801,3,9.85
202,11,141,206,1.7,942,801,7,15.07
202,11,141,206,1.7,942,801,56,23.25
284,15,141,179,5.5,842,801,28,43.73
284,15,141,179,5.5,842,801,3,13.4
284,15,141,179,5.5,842,801,7,24.13
284,15,141,179,5.5,842,801,56,44.52
359,19,141,154,10.9,942,801,28,62.94
359,19,141,154,10.9,942,801,28,59.49
359,19,141,154,10.9,942,801,3,25.12
359,19,141,154,10.9,942,801,3,23.64
359,19,141,154,10.9,942,801,7,35.75
359,19,141,154,10.9,942,801,7,38.61
359,19,141,154,10.9,942,801,56,68.75
359,19,141,154,10.9,942,801,56,66.78
436,0,0,218,0,838.4,719.7,28,23.85
289,0,0,192,0,913.2,895.3,90,32.07
289,0,0,192,0,913.2,895.3,3,11.65
393,0,0,192,0,940.6,785.6,3,19.2
393,0,0,192,0,940.6,785.6,90,48.85
393,0,0,192,0,940.6,785.6,28,39.6
480,0,0,192,0,936.2,712.2,28,43.94
480,0,0,192,0,936.2,712.2,7,34.57
480,0,0,192,0,936.2,712.2,90,54.32
480,0,0,192,0,936.2,712.2,3,24.4
333,0,0,192,0,931.2,842.6,3,15.62
255,0,0,192,0,889.8,945,90,21.86
255,0,0,192,0,889.8,945,7,10.22
289,0,0,192,0,913.2,895.3,7,14.6
255,0,0,192,0,889.8,945,28,18.75
333,0,0,192,0,931.2,842.6,28,31.97
333,0,0,192,0,931.2,842.6,7,23.4
289,0,0,192,0,913.2,895.3,28,25.57
333,0,0,192,0,931.2,842.6,90,41.68
393,0,0,192,0,940.6,785.6,7,27.74
255,0,0,192,0,889.8,945,3,8.2
158.8,238.2,0,185.7,0,1040.6,734.3,7,9.62
239.6,359.4,0,185.7,0,941.6,664.3,7,25.42
238.2,158.8,0,185.7,0,1040.6,734.3,7,15.69
181.9,272.8,0,185.7,0,1012.4,714.3,28,27.94
193.5,290.2,0,185.7,0,998.2,704.3,28,32.63
255.5,170.3,0,185.7,0,1026.6,724.3,7,17.24
272.8,181.9,0,185.7,0,1012.4,714.3,7,19.77
239.6,359.4,0,185.7,0,941.6,664.3,28,39.44
220.8,147.2,0,185.7,0,1055,744.3,28,25.75
397,0,0,185.7,0,1040.6,734.3,28,33.08
382.5,0,0,185.7,0,1047.8,739.3,7,24.07
210.7,316.1,0,185.7,0,977,689.3,7,21.82
158.8,238.2,0,185.7,0,1040.6,734.3,28,21.07
295.8,0,0,185.7,0,1091.4,769.3,7,14.84
255.5,170.3,0,185.7,0,1026.6,724.3,28,32.05
203.5,135.7,0,185.7,0,1076.2,759.3,7,11.96
397,0,0,185.7,0,1040.6,734.3,7,25.45
381.4,0,0,185.7,0,1104.6,784.3,28,22.49
295.8,0,0,185.7,0,1091.4,769.3,28,25.22
228,342.1,0,185.7,0,955.8,674.3,28,39.7
220.8,147.2,0,185.7,0,1055,744.3,7,13.09
316.1,210.7,0,185.7,0,977,689.3,28,38.7
135.7,203.5,0,185.7,0,1076.2,759.3,7,7.51
238.1,0,0,185.7,0,1118.8,789.3,28,17.58
339.2,0,0,185.7,0,1069.2,754.3,7,21.18
135.7,203.5,0,185.7,0,1076.2,759.3,28,18.2
193.5,290.2,0,185.7,0,998.2,704.3,7,17.2
203.5,135.7,0,185.7,0,1076.2,759.3,28,22.63
290.2,193.5,0,185.7,0,998.2,704.3,7,21.86
181.9,272.8,0,185.7,0,1012.4,714.3,7,12.37
170.3,155.5,0,185.7,0,1026.6,724.3,28,25.73
210.7,316.1,0,185.7,0,977,689.3,28,37.81
228,342.1,0,185.7,0,955.8,674.3,7,21.92
290.2,193.5,0,185.7,0,998.2,704.3,28,33.04
381.4,0,0,185.7,0,1104.6,784.3,7,14.54
238.2,158.8,0,185.7,0,1040.6,734.3,28,26.91
186.2,124.1,0,185.7,0,1083.4,764.3,7,8
339.2,0,0,185.7,0,1069.2,754.3,28,31.9
238.1,0,0,185.7,0,1118.8,789.3,7,10.34
252.5,0,0,185.7,0,1111.6,784.3,28,19.77
382.5,0,0,185.7,0,1047.8,739.3,28,37.44
252.5,0,0,185.7,0,1111.6,784.3,7,11.48
316.1,210.7,0,185.7,0,977,689.3,7,24.44
186.2,124.1,0,185.7,0,1083.4,764.3,28,17.6
170.3,155.5,0,185.7,0,1026.6,724.3,7,10.73
272.8,181.9,0,185.7,0,1012.4,714.3,28,31.38
339,0,0,197,0,968,781,3,13.22
339,0,0,197,0,968,781,7,20.97
339,0,0,197,0,968,781,14,27.04
339,0,0,197,0,968,781,28,32.04
339,0,0,197,0,968,781,90,35.17
339,0,0,197,0,968,781,180,36.45
339,0,0,197,0,968,781,365,38.89
236,0,0,194,0,968,885,3,6.47
236,0,0,194,0,968,885,14,12.84
236,0,0,194,0,968,885,28,18.42
236,0,0,194,0,968,885,90,21.95
236,0,0,193,0,968,885,180,24.1
236,0,0,193,0,968,885,365,25.08
277,0,0,191,0,968,856,14,21.26
277,0,0,191,0,968,856,28,25.97
277,0,0,191,0,968,856,3,11.36
277,0,0,191,0,968,856,90,31.25
277,0,0,191,0,968,856,180,32.33
277,0,0,191,0,968,856,360,33.7
254,0,0,198,0,968,863,3,9.31
254,0,0,198,0,968,863,90,26.94
254,0,0,198,0,968,863,180,27.63
254,0,0,198,0,968,863,365,29.79
307,0,0,193,0,968,812,180,34.49
307,0,0,193,0,968,812,365,36.15
307,0,0,193,0,968,812,3,12.54
307,0,0,193,0,968,812,28,27.53
307,0,0,193,0,968,812,90,32.92
236,0,0,193,0,968,885,7,9.99
200,0,0,180,0,1125,845,7,7.84
200,0,0,180,0,1125,845,28,12.25
225,0,0,181,0,1113,833,7,11.17
225,0,0,181,0,1113,833,28,17.34
325,0,0,184,0,1063,783,7,17.54
325,0,0,184,0,1063,783,28,30.57
275,0,0,183,0,1088,808,7,14.2
275,0,0,183,0,1088,808,28,24.5
300,0,0,184,0,1075,795,7,15.58
300,0,0,184,0,1075,795,28,26.85
375,0,0,186,0,1038,758,7,26.06
375,0,0,186,0,1038,758,28,38.21
400,0,0,187,0,1025,745,28,43.7
400,0,0,187,0,1025,745,7,30.14
250,0,0,182,0,1100,820,7,12.73
250,0,0,182,0,1100,820,28,20.87
350,0,0,186,0,1050,770,7,20.28
350,0,0,186,0,1050,770,28,34.29
203.5,305.3,0,203.5,0,963.4,630,7,19.54
250.2,166.8,0,203.5,0,977.6,694.1,90,47.71
157,236,0,192,0,935.4,781.2,90,43.38
141.3,212,0,203.5,0,971.8,748.5,28,29.89
166.8,250.2,0,203.5,0,975.6,692.6,3,6.9
122.6,183.9,0,203.5,0,958.2,800.1,90,33.19
183.9,122.6,0,203.5,0,959.2,800,3,4.9
102,153,0,192,0,887,942,3,4.57
102,153,0,192,0,887,942,90,25.46
122.6,183.9,0,203.5,0,958.2,800.1,28,24.29
166.8,250.2,0,203.5,0,975.6,692.6,28,33.95
200,133,0,192,0,965.4,806.2,3,11.41
108.3,162.4,0,203.5,0,938.2,849,28,20.59
305.3,203.5,0,203.5,0,965.4,631,7,25.89
108.3,162.4,0,203.5,0,938.2,849,90,29.23
116,173,0,192,0,909.8,891.9,90,31.02
141.3,212,0,203.5,0,971.8,748.5,7,10.39
157,236,0,192,0,935.4,781.2,28,33.66
133,200,0,192,0,927.4,839.2,28,27.87
250.2,166.8,0,203.5,0,977.6,694.1,7,19.35
173,116,0,192,0,946.8,856.8,7,11.39
192,288,0,192,0,929.8,716.1,3,12.79
192,288,0,192,0,929.8,716.1,28,39.32
153,102,0,192,0,888,943.1,3,4.78
288,192,0,192,0,932,717.8,3,16.11
305.3,203.5,0,203.5,0,965.4,631,28,43.38
236,157,0,192,0,972.6,749.1,7,20.42
173,116,0,192,0,946.8,856.8,3,6.94
212,141.3,0,203.5,0,973.4,750,7,15.03
236,157,0,192,0,972.6,749.1,3,13.57
183.9,122.6,0,203.5,0,959.2,800,90,32.53
166.8,250.2,0,203.5,0,975.6,692.6,7,15.75
102,153,0,192,0,887,942,7,7.68
288,192,0,192,0,932,717.8,28,38.8
212,141.3,0,203.5,0,973.4,750,28,33
102,153,0,192,0,887,942,28,17.28
173,116,0,192,0,946.8,856.8,28,24.28
183.9,122.6,0,203.5,0,959.2,800,28,24.05
133,200,0,192,0,927.4,839.2,90,36.59
192,288,0,192,0,929.8,716.1,90,50.73
133,200,0,192,0,927.4,839.2,7,13.66
305.3,203.5,0,203.5,0,965.4,631,3,14.14
236,157,0,192,0,972.6,749.1,90,47.78
108.3,162.4,0,203.5,0,938.2,849,3,2.33
157,236,0,192,0,935.4,781.2,7,16.89
288,192,0,192,0,932,717.8,7,23.52
212,141.3,0,203.5,0,973.4,750,3,6.81
212,141.3,0,203.5,0,973.4,750,90,39.7
153,102,0,192,0,888,943.1,28,17.96
236,157,0,192,0,972.6,749.1,28,32.88
116,173,0,192,0,909.8,891.9,28,22.35
183.9,122.6,0,203.5,0,959.2,800,7,10.79
108.3,162.4,0,203.5,0,938.2,849,7,7.72
203.5,305.3,0,203.5,0,963.4,630,28,41.68
203.5,305.3,0,203.5,0,963.4,630,3,9.56
133,200,0,192,0,927.4,839.2,3,6.88
288,192,0,192,0,932,717.8,90,50.53
200,133,0,192,0,965.4,806.2,7,17.17
200,133,0,192,0,965.4,806.2,28,30.44
250.2,166.8,0,203.5,0,977.6,694.1,3,9.73
122.6,183.9,0,203.5,0,958.2,800.1,3,3.32
153,102,0,192,0,888,943.1,90,26.32
200,133,0,192,0,965.4,806.2,90,43.25
116,173,0,192,0,909.8,891.9,3,6.28
173,116,0,192,0,946.8,856.8,90,32.1
250.2,166.8,0,203.5,0,977.6,694.1,28,36.96
305.3,203.5,0,203.5,0,965.4,631,90,54.6
192,288,0,192,0,929.8,716.1,7,21.48
157,236,0,192,0,935.4,781.2,3,9.69
153,102,0,192,0,888,943.1,7,8.37
141.3,212,0,203.5,0,971.8,748.5,90,39.66
116,173,0,192,0,909.8,891.9,7,10.09
141.3,212,0,203.5,0,971.8,748.5,3,4.83
122.6,183.9,0,203.5,0,958.2,800.1,7,10.35
166.8,250.2,0,203.5,0,975.6,692.6,90,43.57
203.5,305.3,0,203.5,0,963.4,630,90,51.86
310,0,0,192,0,1012,830,3,11.85
310,0,0,192,0,1012,830,7,17.24
310,0,0,192,0,1012,830,28,27.83
310,0,0,192,0,1012,830,90,35.76
310,0,0,192,0,1012,830,120,38.7
331,0,0,192,0,1025,821,3,14.31
331,0,0,192,0,1025,821,7,17.44
331,0,0,192,0,1025,821,28,31.74
331,0,0,192,0,1025,821,90,37.91
331,0,0,192,0,1025,821,120,39.38
349,0,0,192,0,1056,809,3,15.87
349,0,0,192,0,1056,809,7,9.01
349,0,0,192,0,1056,809,28,33.61
349,0,0,192,0,1056,809,90,40.66
349,0,0,192,0,1056,809,120,40.86
238,0,0,186,0,1119,789,7,12.05
238,0,0,186,0,1119,789,28,17.54
296,0,0,186,0,1090,769,7,18.91
296,0,0,186,0,1090,769,28,25.18
297,0,0,186,0,1040,734,7,30.96
480,0,0,192,0,936,721,28,43.89
480,0,0,192,0,936,721,90,54.28
397,0,0,186,0,1040,734,28,36.94
281,0,0,186,0,1104,774,7,14.5
281,0,0,185,0,1104,774,28,22.44
500,0,0,200,0,1125,613,1,12.64
500,0,0,200,0,1125,613,3,26.06
500,0,0,200,0,1125,613,7,33.21
500,0,0,200,0,1125,613,14,36.94
500,0,0,200,0,1125,613,28,44.09
540,0,0,173,0,1125,613,7,52.61
540,0,0,173,0,1125,613,14,59.76
540,0,0,173,0,1125,613,28,67.31
540,0,0,173,0,1125,613,90,69.66
540,0,0,173,0,1125,613,180,71.62
540,0,0,173,0,1125,613,270,74.17
350,0,0,203,0,974,775,7,18.13
350,0,0,203,0,974,775,14,22.53
350,0,0,203,0,974,775,28,27.34
350,0,0,203,0,974,775,56,29.98
350,0,0,203,0,974,775,90,31.35
350,0,0,203,0,974,775,180,32.72
385,0,0,186,0,966,763,1,6.27
385,0,0,186,0,966,763,3,14.7
385,0,0,186,0,966,763,7,23.22
385,0,0,186,0,966,763,14,27.92
385,0,0,186,0,966,763,28,31.35
331,0,0,192,0,978,825,180,39
331,0,0,192,0,978,825,360,41.24
349,0,0,192,0,1047,806,3,14.99
331,0,0,192,0,978,825,3,13.52
382,0,0,186,0,1047,739,7,24
382,0,0,186,0,1047,739,28,37.42
382,0,0,186,0,1111,784,7,11.47
281,0,0,186,0,1104,774,28,22.44
339,0,0,185,0,1069,754,7,21.16
339,0,0,185,0,1069,754,28,31.84
295,0,0,185,0,1069,769,7,14.8
295,0,0,185,0,1069,769,28,25.18
238,0,0,185,0,1118,789,28,17.54
296,0,0,192,0,1085,765,7,14.2
296,0,0,192,0,1085,765,28,21.65
296,0,0,192,0,1085,765,90,29.39
331,0,0,192,0,879,825,3,13.52
331,0,0,192,0,978,825,7,16.26
331,0,0,192,0,978,825,28,31.45
331,0,0,192,0,978,825,90,37.23
349,0,0,192,0,1047,806,7,18.13
349,0,0,192,0,1047,806,28,32.72
349,0,0,192,0,1047,806,90,39.49
349,0,0,192,0,1047,806,180,41.05
349,0,0,192,0,1047,806,360,42.13
302,0,0,203,0,974,817,14,18.13
302,0,0,203,0,974,817,180,26.74
525,0,0,189,0,1125,613,180,61.92
500,0,0,200,0,1125,613,90,47.22
500,0,0,200,0,1125,613,180,51.04
500,0,0,200,0,1125,613,270,55.16
540,0,0,173,0,1125,613,3,41.64
252,0,0,185,0,1111,784,7,13.71
252,0,0,185,0,1111,784,28,19.69
339,0,0,185,0,1060,754,28,31.65
393,0,0,192,0,940,758,3,19.11
393,0,0,192,0,940,758,28,39.58
393,0,0,192,0,940,758,90,48.79
382,0,0,185,0,1047,739,7,24
382,0,0,185,0,1047,739,28,37.42
252,0,0,186,0,1111,784,7,11.47
252,0,0,185,0,1111,784,28,19.69
310,0,0,192,0,970,850,7,14.99
310,0,0,192,0,970,850,28,27.92
310,0,0,192,0,970,850,90,34.68
310,0,0,192,0,970,850,180,37.33
310,0,0,192,0,970,850,360,38.11
525,0,0,189,0,1125,613,3,33.8
525,0,0,189,0,1125,613,7,42.42
525,0,0,189,0,1125,613,14,48.4
525,0,0,189,0,1125,613,28,55.94
525,0,0,189,0,1125,613,90,58.78
525,0,0,189,0,1125,613,270,67.11
322,0,0,203,0,974,800,14,20.77
322,0,0,203,0,974,800,28,25.18
322,0,0,203,0,974,800,180,29.59
302,0,0,203,0,974,817,28,21.75
397,0,0,185,0,1040,734,28,39.09
480,0,0,192,0,936,721,3,24.39
522,0,0,146,0,896,896,7,50.51
522,0,0,146,0,896,896,28,74.99
273,105,82,210,9,904,680,28,37.17
162,190,148,179,19,838,741,28,33.76
154,144,112,220,10,923,658,28,16.5
147,115,89,202,9,860,829,28,19.99
152,178,139,168,18,944,695,28,36.35
310,143,111,168,22,914,651,28,33.69
144,0,175,158,18,943,844,28,15.42
304,140,0,214,6,895,722,28,33.42
374,0,0,190,7,1013,730,28,39.05
159,149,116,175,15,953,720,28,27.68
153,239,0,200,6,1002,684,28,26.86
310,143,0,168,10,914,804,28,45.3
305,0,100,196,10,959,705,28,30.12
151,0,184,167,12,991,772,28,15.57
142,167,130,174,11,883,785,28,44.61
298,137,107,201,6,878,655,28,53.52
321,164,0,190,5,870,774,28,57.21
366,187,0,191,7,824,757,28,65.91
280,129,100,172,9,825,805,28,52.82
252,97,76,194,8,835,821,28,33.4
165,0,150,182,12,1023,729,28,18.03
156,243,0,180,11,1022,698,28,37.36
160,188,146,203,11,829,710,28,32.84
298,0,107,186,6,879,815,28,42.64
318,0,126,210,6,861,737,28,40.06
287,121,94,188,9,904,696,28,41.94
326,166,0,174,9,882,790,28,61.23
356,0,142,193,11,801,778,28,40.87
132,207,161,179,5,867,736,28,33.3
322,149,0,186,8,951,709,28,52.42
164,0,200,181,13,849,846,28,15.09
314,0,113,170,10,925,783,28,38.46
321,0,128,182,11,870,780,28,37.26
140,164,128,237,6,869,656,28,35.23
288,121,0,177,7,908,829,28,42.13
298,0,107,210,11,880,744,28,31.87
265,111,86,195,6,833,790,28,41.54
160,250,0,168,12,1049,688,28,39.45
166,260,0,183,13,859,827,28,37.91
276,116,90,180,9,870,768,28,44.28
322,0,116,196,10,818,813,28,31.18
149,139,109,193,6,892,780,28,23.69
159,187,0,176,11,990,789,28,32.76
261,100,78,201,9,864,761,28,32.4
237,92,71,247,6,853,695,28,28.63
313,0,113,178,8,1002,689,28,36.8
155,183,0,193,9,1047,697,28,18.28
146,230,0,202,3,827,872,28,33.06
296,0,107,221,11,819,778,28,31.42
133,210,0,196,3,949,795,28,31.03
313,145,0,178,8,867,824,28,44.39
152,0,112,184,8,992,816,28,12.18
153,145,113,178,8,1002,689,28,25.56
140,133,103,200,7,916,753,28,36.44
149,236,0,176,13,847,893,28,32.96
300,0,120,212,10,878,728,28,23.84
153,145,113,178,8,867,824,28,26.23
148,0,137,158,16,1002,830,28,17.95
326,0,138,199,11,801,792,28,40.68
153,145,0,178,8,1000,822,28,19.01
262,111,86,195,5,895,733,28,33.72
158,0,195,220,11,898,713,28,8.54
151,0,185,167,16,1074,678,28,13.46
273,0,90,199,11,931,762,28,32.24
149,118,92,183,7,953,780,28,23.52
143,169,143,191,8,967,643,28,29.72
260,101,78,171,10,936,763,28,49.77
313,161,0,178,10,917,759,28,52.44
284,120,0,168,7,970,794,28,40.93
336,0,0,182,3,986,817,28,44.86
145,0,134,181,11,979,812,28,13.2
150,237,0,174,12,1069,675,28,37.43
144,170,133,192,8,814,805,28,29.87
331,170,0,195,8,811,802,28,56.61
155,0,143,193,9,1047,697,28,12.46
155,183,0,193,9,877,868,28,23.79
135,0,166,180,10,961,805,28,13.29
266,112,87,178,10,910,745,28,39.42
314,145,113,179,8,869,690,28,46.23
313,145,0,127,8,1000,822,28,44.52
146,173,0,182,3,986,817,28,23.74
144,136,106,178,7,941,774,28,26.14
148,0,182,181,15,839,884,28,15.52
277,117,91,191,7,946,666,28,43.57
298,0,107,164,13,953,784,28,35.86
313,145,0,178,8,1002,689,28,41.05
155,184,143,194,9,880,699,28,28.99
289,134,0,195,6,924,760,28,46.24
148,175,0,171,2,1000,828,28,26.92
145,0,179,202,8,824,869,28,10.54
313,0,0,178,8,1000,822,28,25.1
136,162,126,172,10,923,764,28,29.07
155,0,143,193,9,877,868,28,9.74
255,99,77,189,6,919,749,28,33.8
162,207,172,216,10,822,638,28,39.84
136,196,98,199,6,847,783,28,26.97
164,163,128,197,8,961,641,28,27.23
162,214,164,202,10,820,680,28,30.65
157,214,152,200,9,819,704,28,33.05
149,153,194,192,8,935,623,28,24.58
135,105,193,196,6,965,643,28,21.91
159,209,161,201,7,848,669,28,30.88
144,15,195,176,6,1021,709,28,15.34
154,174,185,228,7,845,612,28,24.34
167,187,195,185,7,898,636,28,23.89
184,86,190,213,6,923,623,28,22.93
156,178,187,221,7,854,614,28,29.41
236.9,91.7,71.5,246.9,6,852.9,695.4,28,28.63
313.3,0,113,178.5,8,1001.9,688.7,28,36.8
154.8,183.4,0,193.3,9.1,1047.4,696.7,28,18.29
145.9,230.5,0,202.5,3.4,827,871.8,28,32.72
296,0,106.7,221.4,10.5,819.2,778.4,28,31.42
133.1,210.2,0,195.7,3.1,949.4,795.3,28,28.94
313.3,145,0,178.5,8,867.2,824,28,40.93
151.6,0,111.9,184.4,7.9,992,815.9,28,12.18
153.1,145,113,178.5,8,1001.9,688.7,28,25.56
139.9,132.6,103.3,200.3,7.4,916,753.4,28,36.44
149.5,236,0,175.8,12.6,846.8,892.7,28,32.96
299.8,0,119.8,211.5,9.9,878.2,727.6,28,23.84
153.1,145,113,178.5,8,867.2,824,28,26.23
148.1,0,136.6,158.1,16.1,1001.8,830.1,28,17.96
326.5,0,137.9,199,10.8,801.1,792.5,28,38.63
152.7,144.7,0,178.1,8,999.7,822.2,28,19.01
261.9,110.5,86.1,195.4,5,895.2,732.6,28,33.72
158.4,0,194.9,219.7,11,897.7,712.9,28,8.54
150.7,0,185.3,166.7,15.6,1074.5,678,28,13.46
272.6,0,89.6,198.7,10.6,931.3,762.2,28,32.25
149,117.6,91.7,182.9,7.1,953.4,780.3,28,23.52
143,169.4,142.7,190.7,8.4,967.4,643.5,28,29.73
259.9,100.6,78.4,170.6,10.4,935.7,762.9,28,49.77
312.9,160.5,0,177.6,9.6,916.6,759.5,28,52.45
284,119.7,0,168.3,7.2,970.4,794.2,28,40.93
336.5,0,0,181.9,3.4,985.8,816.8,28,44.87
144.8,0,133.6,180.8,11.1,979.5,811.5,28,13.2
150,236.8,0,173.8,11.9,1069.3,674.8,28,37.43
143.7,170.2,132.6,191.6,8.5,814.1,805.3,28,29.87
330.5,169.6,0,194.9,8.1,811,802.3,28,56.62
154.8,0,142.8,193.3,9.1,1047.4,696.7,28,12.46
154.8,183.4,0,193.3,9.1,877.2,867.7,28,23.79
134.7,0,165.7,180.2,10,961,804.9,28,13.29
266.2,112.3,87.5,177.9,10.4,909.7,744.5,28,39.42
314,145.3,113.2,178.9,8,869.1,690.2,28,46.23
312.7,144.7,0,127.3,8,999.7,822.2,28,44.52
145.7,172.6,0,181.9,3.4,985.8,816.8,28,23.74
143.8,136.3,106.2,178.1,7.5,941.5,774.3,28,26.15
148.1,0,182.1,181.4,15,838.9,884.3,28,15.53
277,116.8,91,190.6,7,946.5,665.6,28,43.58
298.1,0,107.5,163.6,12.8,953.2,784,28,35.87
313.3,145,0,178.5,8,1001.9,688.7,28,41.05
155.2,183.9,143.2,193.8,9.2,879.6,698.5,28,28.99
289,133.7,0,194.9,5.5,924.1,760.1,28,46.25
147.8,175.1,0,171.2,2.2,1000,828.5,28,26.92
145.4,0,178.9,201.7,7.8,824,868.7,28,10.54
312.7,0,0,178.1,8,999.7,822.2,28,25.1
136.4,161.6,125.8,171.6,10.4,922.6,764.4,28,29.07
154.8,0,142.8,193.3,9.1,877.2,867.7,28,9.74
255.3,98.8,77,188.6,6.5,919,749.3,28,33.8
272.8,105.1,81.8,209.7,9,904,679.7,28,37.17
162,190.1,148.1,178.8,18.8,838.1,741.4,28,33.76
153.6,144.2,112.3,220.1,10.1,923.2,657.9,28,16.5
146.5,114.6,89.3,201.9,8.8,860,829.5,28,19.99
151.8,178.1,138.7,167.5,18.3,944,694.6,28,36.35
309.9,142.8,111.2,167.8,22.1,913.9,651.2,28,38.22
143.6,0,174.9,158.4,17.9,942.7,844.5,28,15.42
303.6,139.9,0,213.5,6.2,895.5,722.5,28,33.42
374.3,0,0,190.2,6.7,1013.2,730.4,28,39.06
158.6,148.9,116,175.1,15,953.3,719.7,28,27.68
152.6,238.7,0,200,6.3,1001.8,683.9,28,26.86
310,142.8,0,167.9,10,914.3,804,28,45.3
304.8,0,99.6,196,9.8,959.4,705.2,28,30.12
150.9,0,183.9,166.6,11.6,991.2,772.2,28,15.57
141.9,166.6,129.7,173.5,10.9,882.6,785.3,28,44.61
297.8,137.2,106.9,201.3,6,878.4,655.3,28,53.52
321.3,164.2,0,190.5,4.6,870,774,28,57.22
366,187,0,191.3,6.6,824.3,756.9,28,65.91
279.8,128.9,100.4,172.4,9.5,825.1,804.9,28,52.83
252.1,97.1,75.6,193.8,8.3,835.5,821.4,28,33.4
164.6,0,150.4,181.6,11.7,1023.3,728.9,28,18.03
155.6,243.5,0,180.3,10.7,1022,697.7,28,37.36
160.2,188,146.4,203.2,11.3,828.7,709.7,28,35.31
298.1,0,107,186.4,6.1,879,815.2,28,42.64
317.9,0,126.5,209.7,5.7,860.5,736.6,28,40.06
287.3,120.5,93.9,187.6,9.2,904.4,695.9,28,43.8
325.6,166.4,0,174,8.9,881.6,790,28,61.24
355.9,0,141.6,193.3,11,801.4,778.4,28,40.87
132,206.5,160.9,178.9,5.5,866.9,735.6,28,33.31
322.5,148.6,0,185.8,8.5,951,709.5,28,52.43
164.2,0,200.1,181.2,12.6,849.3,846,28,15.09
313.8,0,112.6,169.9,10.1,925.3,782.9,28,38.46
321.4,0,127.9,182.5,11.5,870.1,779.7,28,37.27
139.7,163.9,127.7,236.7,5.8,868.6,655.6,28,35.23
288.4,121,0,177.4,7,907.9,829.5,28,42.14
298.2,0,107,209.7,11.1,879.6,744.2,28,31.88
264.5,111,86.5,195.5,5.9,832.6,790.4,28,41.54
159.8,250,0,168.4,12.2,1049.3,688.2,28,39.46
166,259.7,0,183.2,12.7,858.8,826.8,28,37.92
276.4,116,90.3,179.6,8.9,870.1,768.3,28,44.28
322.2,0,115.6,196,10.4,817.9,813.4,28,31.18
148.5,139.4,108.6,192.7,6.1,892.4,780,28,23.7
159.1,186.7,0,175.6,11.3,989.6,788.9,28,32.77
260.9,100.5,78.3,200.6,8.6,864.5,761.5,28,32.4
396,0,0,170,0,1110,740,1,26.8
181,0,221,151,0,1113,742,1,10.3
180,0,220,155,0,1117,745,1,8.8
180,0,220,146,0,1089,726,1,8.7
182,0,222,140,0,1090,727,1,7.9
182,0,222,138,0,1124,749,1,13.9
181,0,222,154,0,1110,740,1,6.9
179,0,219,152,0,1097,731,1,6.3
182,0,222,137,0,1124,749,1,10.3
396,0,0,170,0,1110,740,3,34
181,0,221,151,0,1113,742,3,17.1
180,0,220,155,0,1117,745,3,15.1
180,0,220,146,0,1089,726,3,22.4
182,0,222,140,0,1090,727,3,19.6
182,0,222,138,0,1124,749,3,30.1
181,0,222,154,0,1110,740,3,15.7
179,0,219,152,0,1097,731,3,13.9
182,0,222,137,0,1124,749,3,23.4
396,0,0,170,0,1110,740,7,39.5
181,0,221,151,0,1113,742,7,22.7
180,0,220,155,0,1117,745,7,21.2
180,0,220,146,0,1089,726,7,31.8
182,0,222,140,0,1090,727,7,26.9
182,0,222,138,0,1124,749,7,42.2
181,0,222,154,0,1110,740,7,20.8
179,0,219,152,0,1097,731,7,18
182,0,222,137,0,1124,749,7,31.1
396,0,0,170,0,1110,740,28,50.7
181,0,221,151,0,1113,742,28,34.9
180,0,220,155,0,1117,745,28,32.7
180,0,220,146,0,1089,726,28,53
182,0,222,140,0,1090,727,28,42.9
182,0,222,138,0,1124,749,28,55.8
181,0,222,154,0,1110,740,28,31.8
179,0,219,152,0,1097,731,28,30.7
182,0,222,137,0,1124,749,28,47.5
396,0,0,170,0,1110,740,56,54.2
181,0,221,151,0,1113,742,56,43.1
180,0,220,155,0,1117,745,56,40.2
180,0,220,146,0,1089,726,56,62.1
182,0,222,140,0,1090,727,56,51.3
182,0,222,138,0,1124,749,56,58.2
181,0,222,154,0,1110,740,56,39
179,0,219,152,0,1097,731,56,37.7
182,0,222,137,0,1124,749,56,55.7
396,0,0,170,0,1110,740,91,57.7
181,0,221,151,0,1113,742,91,48
180,0,220,155,0,1117,745,91,44.7
180,0,220,146,0,1089,726,91,65.2
182,0,222,140,0,1090,727,91,56.1
182,0,222,138,0,1124,749,91,61.9
181,0,222,154,0,1110,740,91,43.9
179,0,219,152,0,1097,731,91,44.6
182,0,222,137,0,1124,749,91,60
331,0,0,165,11.59,1153,768,1,19.4
207,0,89,157,7.41,1178,786,1,11.5
150,0,150,139,5.26,1195,797,1,5.9
273,0,117,163,9.54,1118,746,1,18.5
202,0,202,155,7.06,1114,744,1,12.3
214,0,143,154,7.5,1152,768,1,10.5
213,0,142,153,7.46,1146,763,1,10.4
213,0,142,153,7.46,1146,763,1,11
213,0,142,153,7.46,1146,763,1,10.8
213,0,91,159,7.45,1172,781,1,7.2
150,0,150,151,5.27,1187,792,1,3.4
274,0,117,174,9.6,1109,742,1,11.7
204,0,204,161,7.15,1116,745,1,8
215,0,143,157,7.51,1149,768,1,10.3
215,0,143,157,7.51,1149,768,1,10.8
211,0,141,162,7.4,1150,767,1,9
215,0,143,157,7.51,1149,768,1,10.1
331,0,0,165,11.59,1153,768,7,32.6
207,0,89,157,7.41,1178,786,7,25
150,0,150,139,5.26,1195,797,7,21.8
273,0,117,163,9.54,1118,746,7,36.5
202,0,202,155,7.06,1114,744,7,34.6
214,0,143,154,7.5,1152,768,7,29.7
213,0,142,153,7.46,1146,763,7,30.8
213,0,142,153,7.46,1146,763,7,30.8
213,0,142,153,7.46,1146,763,7,31.5
213,0,91,159,7.45,1172,781,7,22.5
150,0,150,151,5.27,1187,792,7,15.3
274,0,117,174,9.6,1109,742,7,31.5
204,0,204,161,7.15,1116,745,7,25.9
215,0,143,157,7.51,1149,768,7,26.5
215,0,143,157,7.51,1149,768,7,27.6
211,0,141,162,7.4,1150,767,7,25.5
215,0,143,157,7.51,1149,768,7,27.3
331,0,0,165,11.59,1153,768,28,40.1
207,0,89,157,7.41,1178,786,28,42.5
150,0,150,139,5.26,1195,797,28,41.8
273,0,117,163,9.54,1118,746,28,56
202,0,202,155,7.06,1114,744,28,55.7
214,0,143,154,7.5,1152,768,28,52.7
213,0,142,153,7.46,1146,763,28,53
213,0,142,153,7.46,1146,763,28,53.4
213,0,142,153,7.46,1146,763,28,50.6
213,0,91,159,7.45,1172,781,28,35.9
150,0,150,151,5.27,1187,792,28,28
274,0,117,174,9.6,1109,742,28,44.6
204,0,204,161,7.15,1116,745,28,43.8
215,0,143,157,7.51,1149,768,28,42
215,0,143,157,7.51,1149,768,28,42.5
211,0,141,162,7.4,1150,767,28,39
215,0,143,157,7.51,1149,768,28,43.5
331,0,0,165,11.59,1153,768,56,43
207,0,89,157,7.41,1178,786,56,49
150,0,150,139,5.26,1195,797,56,47
273,0,117,163,9.54,1118,746,56,61
202,0,202,155,7.06,1114,744,56,62
214,0,143,154,7.5,1152,768,56,60
213,0,142,153,7.46,1146,763,56,59
213,0,142,153,7.46,1146,763,56,58
213,0,142,153,7.46,1146,763,56,59
213,0,91,159,7.45,1172,781,56,41
150,0,150,151,5.27,1187,792,56,34
274,0,117,174,9.6,1109,742,56,50
204,0,204,161,7.15,1116,745,56,51
215,0,143,157,7.51,1149,768,56,49
215,0,143,157,7.51,1149,768,56,49
211,0,141,162,7.4,1150,767,56,47
215,0,143,157,7.51,1149,768,56,49
350,0,0,167.5,6.3,1035,740,3,27.9
175,0,175,167.5,6.3,1035,740,3,8.6
140,0,210,167.5,6.3,1035,740,3,4.5
105,0,245,167.5,6.3,1035,740,3,2.4
175,175,0,167.5,6.3,1035,740,3,9
140,210,0,167.5,6.3,1035,740,3,7.5
105,245,0,167.5,6.3,1035,740,3,4.9
175,87.5,87.5,167.5,6.3,1035,740,3,10.5
140,105,105,167.5,6.3,1035,740,3,7.3
105,122.5,122.5,167.5,6.3,1035,740,3,5.4
350,0,0,167.5,6.3,1035,740,7,38.1
175,0,175,167.5,6.3,1035,740,7,13.7
140,0,210,167.5,6.3,1035,740,7,9.1
105,0,245,167.5,6.3,1035,740,7,4.5
175,175,0,167.5,6.3,1035,740,7,20
140,210,0,167.5,6.3,1035,740,7,17.8
105,245,0,167.5,6.3,1035,740,7,15.1
175,87.5,87.5,167.5,6.3,1035,740,7,18.4
140,105,105,167.5,6.3,1035,740,7,16.2
105,122.5,122.5,167.5,6.3,1035,740,7,11.6
350,0,0,167.5,6.3,1035,740,28,43.6
175,0,175,167.5,6.3,1035,740,28,20.9
140,0,210,167.5,6.3,1035,740,28,13.8
105,0,245,167.5,6.3,1035,740,28,9.7
175,175,0,167.5,6.3,1035,740,28,35
140,210,0,167.5,6.3,1035,740,28,32.3
105,245,0,167.5,6.3,1035,740,28,26.4
175,87.5,87.5,167.5,6.3,1035,740,28,33.4
140,105,105,167.5,6.3,1035,740,28,30.9
105,122.5,122.5,167.5,6.3,1035,740,28,25.3
350,0,0,167.5,6.3,1035,740,120,54.6
175,0,175,167.5,6.3,1035,740,120,35
140,0,210,167.5,6.3,1035,740,120,31.3
105,0,245,167.5,6.3,1035,740,120,27.4
175,175,0,167.5,6.3,1035,740,120,50.2
140,210,0,167.5,6.3,1035,740,120,45.4
105,245,0,167.5,6.3,1035,740,120,37.4
175,87.5,87.5,167.5,6.3,1035,740,120,41.9
140,105,105,167.5,6.3,1035,740,120,35.3
105,122.5,122.5,167.5,6.3,1035,740,120,34.7
400,0,0,136,5.6,1200,600,1,12.05
400,0,0,128,0,1200,600,1,33.51
120,0,280,112,5.6,1200,600,1,1.76
120,0,280,116,0,1200,600,1,7.09
200,0,200,132,5.6,1200,600,1,5.62
200,0,200,120,0,1200,600,1,28.25
120,0,280,160,0,1200,600,1,4.29
200,0,200,172,5.6,1200,600,1,3.2
200,0,200,156,0,1200,600,1,15.73
400,0,0,136,5.6,1200,600,3,38.41
400,0,0,128,0,1200,600,3,45.27
120,0,280,112,5.6,1200,600,3,16.34
120,0,280,116,0,1200,600,3,16.64
200,0,200,132,5.6,1200,600,3,31.85
200,0,200,120,0,1200,600,3,35.3
120,0,280,172,5.6,1200,600,3,7.98
120,0,280,160,0,1200,600,3,10.9
200,0,200,172,5.6,1200,600,3,20.22
200,0,200,156,0,1200,600,3,26.14
400,0,0,136,5.6,1200,600,7,49.27
400,0,0,128,0,1200,600,7,52.63
120,0,280,112,5.6,1200,600,7,24.01
120,0,280,116,0,1200,600,7,18.6
200,0,200,132,5.6,1200,600,7,38
200,0,200,120,0,1200,600,7,48.3
120,0,280,172,5.6,1200,600,7,12.29
120,0,280,160,0,1200,600,7,14.4
200,0,200,172,5.6,1200,600,7,25.36
200,0,200,156,0,1200,600,7,34.3
400,0,0,136,5.6,1200,600,28,60.75
400,0,0,128,0,1200,600,28,64.95
120,0,280,112,5.6,1200,600,28,33.25
120,0,280,116,0,1200,600,28,30.55
200,0,200,132,5.6,1200,600,28,57
200,0,200,120,0,1200,600,28,66.55
120,0,280,172,5.6,1200,600,28,21.1
120,0,280,160,0,1200,600,28,22.6
200,0,200,172,5.6,1200,600,28,36.6
200,0,200,156,0,1200,600,28,45.85
400,0,0,136,5.6,1200,600,91,65.03
400,0,0,128,0,1200,600,91,68.1
120,0,280,112,5.6,1200,600,91,40.75
120,0,280,116,0,1200,600,91,41.1
200,0,200,132,5.6,1200,600,91,60.2
200,0,200,120,0,1200,600,91,79.9
120,0,280,172,5.6,1200,600,91,24.21
120,0,280,160,0,1200,600,91,28.01
200,0,200,172,5.6,1200,600,91,42.65
200,0,200,156,0,1200,600,91,54.55
400,0,0,136,5.6,1200,600,182,69.13
400,0,0,128,0,1200,600,182,72.29
120,0,280,112,5.6,1200,600,182,42.45
120,0,280,116,0,1200,600,182,43
200,0,200,132,5.6,1200,600,182,67.3
200,0,200,120,0,1200,600,182,81.6
120,0,280,172,5.6,1200,600,182,27.5
120,0,280,160,0,1200,600,182,29.65
200,0,200,172,5.6,1200,600,182,49.7
200,0,200,156,0,1200,600,182,55.65
400,0,0,136,5.6,1200,600,364,71
400,0,0,128,0,1200,600,364,77.08
120,0,280,112,5.6,1200,600,364,45
120,0,280,116,0,1200,600,364,48.05
200,0,200,132,5.6,1200,600,364,67.6
200,0,200,120,0,1200,600,364,83.6
120,0,280,172,5.6,1200,600,364,30.7
120,0,280,160,0,1200,600,364,31.9
200,0,200,172,5.6,1200,600,364,53
200,0,200,156,0,1200,600,364,60.2
396,0,0,214,4.75,759,962,28,44.1
471,0,0,212,5.65,793,891,28,52.3
530,0,0,175,5.3,1000,710,28,75.5
643,0,0,180,10.29,1008,590,28,84.2
337,0,59,214,4.75,759,925,28,39.9
388,0,68,205,5.47,812,842,28,48.5
450,0,80,175,5.3,1000,681,28,78.6
540,0,95,178,10.16,980,600,28,82.9
323,0,81,218,4.85,748,911,28,32.8
373,0,93,211,5.59,800,823,28,47.9
490,0,123,203,7.97,915,600,28,63.3
610,0,153,214,12.21,920,431,28,75.8
306,0,102,220,4.9,743,905,28,33.7
358,0,120,214,5.74,786,815,28,46.3
436,0,146,192,8.15,941,621,28,64.4
576,0,192,214,12.29,906,425,28,74.5
275,0,118,212,4.72,774,905,28,30.4
312,0,134,200,5.8,821,846,28,40.5
406,0,174,191,8.12,937,618,28,62.5
483,0,207,193,11.04,1001,448,28,72.5
396,0,0,214,4.75,759,962,91,51.4
471,0,0,212,5.65,793,891,91,60.8
530,0,0,175,5.3,1000,710,91,83.1
643,0,0,180,10.29,1008,590,91,95.5
337,0,59,214,4.75,759,925,91,47.6
388,0,68,205,5.47,812,842,91,58.6
450,0,80,175,5.3,1000,681,91,86.3
540,0,95,178,10.16,980,600,91,87.4
323,0,81,218,4.85,748,911,91,41.5
373,0,93,211,5.59,800,823,91,60.1
490,0,123,203,7.97,915,600,91,72.7
610,0,153,214,12.21,920,431,91,91.3
306,0,102,220,4.9,743,905,91,43.1
358,0,120,214,5.74,786,815,91,58.2
436,0,146,192,8.15,941,621,91,78.6
576,0,192,214,12.29,906,425,91,89.1
275,0,118,212,4.72,774,905,91,38.9
312,0,134,200,5.8,821,846,91,57.5
406,0,174,191,8.12,937,618,91,78.5
483,0,207,193,11.04,1001,448,91,86.4
396,0,0,214,4.75,759,962,182,55.9
471,0,0,212,5.65,793,891,182,62.1
530,0,0,175,5.3,1000,710,182,91.6
643,0,0,180,10.29,1008,590,182,101
337,0,59,214,4.75,759,925,182,49.5
388,0,68,205,5.47,812,842,182,62
450,0,80,175,5.3,1000,681,182,100.7
540,0,95,178,10.16,980,600,182,103.3
323,0,81,218,4.85,748,911,182,46.6
373,0,93,211,5.59,800,823,182,63
490,0,123,203,7.97,915,600,182,79.1
610,0,153,214,12.21,920,431,182,94.1
306,0,102,220,4.9,743,905,182,43.8
358,0,120,214,5.74,786,815,182,61.6
436,0,146,192,8.15,941,621,182,80.6
576,0,192,214,12.29,906,425,182,93.2
275,0,118,212,4.72,774,905,182,44.5
312,0,134,200,5.8,821,846,182,58.5
406,0,174,191,8.12,937,618,182,84.5
483,0,207,193,11.04,1001,448,182,88.8
396,0,0,214,4.75,759,962,364,56.8
471,0,0,212,5.65,793,891,364,65.2
530,0,0,175,5.3,1000,710,364,94.5
643,0,0,180,10.29,1008,590,364,95.1
337,0,59,214,4.75,759,925,364,54.1
388,0,68,205,5.47,812,842,364,67.2
450,0,80,175,5.3,1000,681,364,102.3
540,0,95,178,10.16,980,600,364,113.1
323,0,81,218,4.85,748,911,364,53.8
373,0,93,211,5.59,800,823,364,67.5
490,0,123,203,7.97,915,600,364,83.2
610,0,153,214,12.21,920,431,364,99.2
306,0,102,220,4.9,743,905,364,53.6
358,0,120,214,5.74,786,815,364,69.2
436,0,146,192,8.15,941,621,364,85.9
576,0,192,214,12.29,906,425,364,103
275,0,118,212,4.72,774,905,364,48
312,0,134,200,5.8,821,846,364,66.5
406,0,174,191,8.12,937,618,364,91.2
483,0,207,193,11.04,1001,448,364,96.4
250,0,0,219,0,1111,732,7,15.3
175,0,0,209,0,1166,768,7,9.2
175,37,0,215,0,1135,748,7,12.7
175,75,0,218,0,1109,731,7,16.4
175,125,0,223,0,1073,707,7,18.6
175,175,0,230,0,1033,681,7,19.1
175,225,0,238,0,991,654,7,18.5
175,275,0,248,0,948,624,7,17.1
300,0,0,225,0,1075,708,7,19.9
210,0,0,214,0,1140,751,7,12.4
210,45,0,219,0,1106,729,7,16.7
210,90,0,224,0,1072,707,7,21.2
210,150,0,231,0,1027,677,7,23.9
210,210,0,240,0,979,645,7,24.4
210,270,0,251,0,927,611,7,24.1
210,330,0,261,0,877,578,7,22.2
350,0,0,232,0,1037,684,7,24.9
245,0,0,218,0,1114,735,7,16.1
245,52,0,225,0,1073,708,7,20.8
245,105,0,230,0,1036,683,7,25.6
245,175,0,239,0,982,647,7,29.6
245,245,0,250,0,924,609,7,30.1
245,315,0,263,0,864,569,7,29.5
245,385,0,279,0,799,526,7,26.6
400,0,0,239,0,999,659,7,29.1
280,0,0,224,0,1087,716,7,19.6
280,60,0,231,0,1041,686,7,24
280,120,0,236,0,999,659,7,29.8
280,200,0,247,0,936,617,7,33.8
280,280,0,263,0,866,570,7,34.4
280,360,0,278,0,796,525,7,33.3
280,440,0,295,0,723,477,7,30.2
250,0,0,219,0,1111,732,14,17.6
175,0,0,209,0,1166,768,14,9.7
175,37,0,215,0,1135,748,14,13.4
175,75,0,218,0,1109,731,14,17.4
175,125,0,223,0,1073,707,14,20.2
175,175,0,230,0,1033,681,14,20.6
175,225,0,238,0,991,654,14,20.1
175,275,0,248,0,948,624,14,18.5
300,0,0,225,0,1075,708,14,22.7
210,0,0,214,0,1140,751,14,13.7
210,45,0,219,0,1106,729,14,18.3
210,90,0,224,0,1072,707,14,23.1
210,150,0,231,0,1027,677,14,26.1
210,210,0,240,0,979,645,14,26.6
210,270,0,251,0,927,611,14,26.3
210,330,0,261,0,877,578,14,24.3
350,0,0,232,0,1037,684,14,27.8
245,0,0,218,0,1114,735,14,17.9
245,52,0,225,0,1073,708,14,22.9
245,105,0,230,0,1036,683,14,28.3
245,175,0,239,0,982,647,14,32.4
245,245,0,250,0,924,609,14,33
245,315,0,263,0,864,569,14,32.4
245,385,0,279,0,799,526,14,29.2
400,0,0,239,0,999,659,14,32.6
280,0,0,224,0,1087,716,14,21.9
280,60,0,231,0,1041,686,14,26.7
280,120,0,236,0,999,659,14,33.1
280,200,0,247,0,936,617,14,37.5
280,280,0,263,0,866,570,14,38.1
280,360,0,278,0,796,525,14,37
280,440,0,295,0,723,477,14,33.5
250,0,0,219,0,1111,732,28,22.7
175,0,0,209,0,1166,768,28,13
175,37,0,215,0,1135,748,28,18.1
175,75,0,218,0,1109,731,28,23.5
175,125,0,223,0,1073,707,28,27
175,175,0,230,0,1033,681,28,27.8
175,225,0,238,0,991,654,28,27.2
175,275,0,248,0,948,624,28,25.1
300,0,0,225,0,1075,708,28,28.9
210,0,0,214,0,1140,751,28,17.5
210,45,0,219,0,1106,729,28,23.6
210,90,0,224,0,1072,707,28,30
210,150,0,231,0,1027,677,28,34
210,210,0,240,0,979,645,28,34.9
210,270,0,251,0,927,611,28,34.5
210,330,0,261,0,877,578,28,31.8
350,0,0,232,0,1037,684,28,35
245,0,0,218,0,1114,735,28,22.6
245,52,0,225,0,1073,708,28,29
245,105,0,230,0,1036,683,28,36.1
245,175,0,239,0,982,647,28,41.4
245,245,0,250,0,924,609,28,42.3
245,315,0,263,0,864,569,28,41.5
245,385,0,279,0,799,526,28,37.5
400,0,0,239,0,999,659,28,40.4
280,0,0,224,0,1087,716,28,27.5
280,60,0,231,0,1041,686,28,33.7
280,120,0,236,0,999,659,28,41.8
280,200,0,247,0,936,617,28,47.5
280,280,0,263,0,866,570,28,48.4
280,360,0,278,0,796,525,28,47
280,440,0,295,0,723,477,28,42.7
250,0,0,219,0,1111,732,63,23.2
175,0,0,209,0,1166,768,63,13.3
175,37,0,215,0,1135,748,63,19.3
175,75,0,218,0,1109,731,63,26.8
175,125,0,223,0,1073,707,63,31.7
175,175,0,230,0,1033,681,63,33.1
175,225,0,238,0,991,654,63,32.9
175,275,0,248,0,948,624,63,30.4
300,0,0,225,0,1075,708,63,29.8
210,0,0,214,0,1140,751,63,18
210,45,0,219,0,1106,729,63,25
210,90,0,224,0,1072,707,63,33
210,150,0,231,0,1027,677,63,40
210,210,0,240,0,979,645,63,40.9
210,270,0,251,0,927,611,63,40.7
210,330,0,261,0,877,578,63,37.8
350,0,0,232,0,1037,684,63,35.9
245,0,0,218,0,1114,735,63,23
245,52,0,225,0,1073,708,63,30.3
245,105,0,230,0,1036,683,63,39.2
245,175,0,239,0,982,647,63,47.7
245,245,0,250,0,924,609,63,48.5
245,315,0,263,0,864,569,63,48.1
245,385,0,279,0,799,526,63,43.5
400,0,0,239,0,999,659,63,41.5
280,0,0,224,0,1087,716,63,28.3
280,60,0,231,0,1041,686,63,35.2
280,120,0,236,0,999,659,63,45.9
280,200,0,247,0,936,617,63,54.5
280,280,0,263,0,866,570,63,55.3
280,360,0,278,0,796,525,63,54.9
280,440,0,295,0,723,477,63,49.6
250,0,0,219,0,1111,732,120,23.7
175,0,0,209,0,1166,768,120,13.6
175,37,0,215,0,1135,748,120,20
175,75,0,218,0,1109,731,120,28.1
175,125,0,223,0,1073,707,120,34.8
175,175,0,230,0,1033,681,120,36.5
175,225,0,238,0,991,654,120,36.1
175,275,0,248,0,948,624,120,33.7
300,0,0,225,0,1075,708,120,30.4
210,0,0,214,0,1140,751,120,18.3
210,45,0,219,0,1106,729,120,26.7
210,90,0,224,0,1072,707,120,35.8
210,150,0,231,0,1027,677,120,43.4
210,210,0,240,0,979,645,120,45.4
210,270,0,251,0,927,611,120,45.3
210,330,0,261,0,877,578,120,42.4
350,0,0,232,0,1037,684,120,36.5
245,0,0,218,0,1114,735,120,23.5
245,52,0,225,0,1073,708,120,33
245,105,0,230,0,1036,683,120,42.5
245,175,0,239,0,982,647,120,51.7
245,245,0,250,0,924,609,120,53.5
245,315,0,263,0,864,569,120,53.7
245,385,0,279,0,799,526,120,49
400,0,0,239,0,999,659,120,42.4
280,0,0,224,0,1087,716,120,28.9
280,60,0,231,0,1041,686,120,37.8
280,120,0,236,0,999,659,120,49.1
280,200,0,247,0,936,617,120,58.3
280,280,0,263,0,866,570,120,59.9
280,360,0,278,0,796,525,120,59.9
280,440,0,295,0,723,477,120,55.2
250,0,0,219,0,1111,732,182,24.6
175,0,0,209,0,1166,768,182,14.1
175,37,0,215,0,1135,748,182,20.5
175,75,0,218,0,1109,731,182,29
175,125,0,223,0,1073,707,182,36.2
175,175,0,230,0,1033,681,182,38.2
175,225,0,238,0,991,654,182,38
175,275,0,248,0,948,624,182,35.8
300,0,0,225,0,1075,708,182,31.5
210,0,0,214,0,1140,751,182,18.8
210,45,0,219,0,1106,729,182,27.6
210,90,0,224,0,1072,707,182,37.1
210,150,0,231,0,1027,677,182,45.2
210,210,0,240,0,979,645,182,47.4
210,270,0,251,0,927,611,182,47.5
210,330,0,261,0,877,578,182,44.7
350,0,0,232,0,1037,684,182,37.9
245,0,0,218,0,1114,735,182,24.3
245,52,0,225,0,1073,708,182,34.3
245,105,0,230,0,1036,683,182,44.3
245,175,0,239,0,982,647,182,54
245,245,0,250,0,924,609,182,56
245,315,0,263,0,864,569,182,56.3
245,385,0,279,0,799,526,182,51.7
400,0,0,239,0,999,659,182,44
280,0,0,224,0,1087,716,182,29.8
280,60,0,231,0,1041,686,182,39.1
280,120,0,236,0,999,659,182,51
280,200,0,247,0,936,617,182,60.8
280,280,0,263,0,866,570,182,62.6
280,360,0,278,0,796,525,182,62.8
280,440,0,295,0,723,477,182,58.3
250,0,0,219,0,1111,732,364,25.9
175,0,0,209,0,1166,768,364,14.5
175,37,0,215,0,1135,748,364,21.4
175,75,0,218,0,1109,731,364,30.5
175,125,0,223,0,1073,707,364,38.4
175,175,0,230,0,1033,681,364,40.8
175,225,0,238,0,991,654,364,40.9
175,275,0,248,0,948,624,364,38.7
300,0,0,225,0,1075,708,364,33.1
210,0,0,214,0,1140,751,364,19.8
210,45,0,219,0,1106,729,364,28.9
210,90,0,224,0,1072,707,364,39.1
210,150,0,231,0,1027,677,364,47.9
210,210,0,240,0,979,645,364,50.5
210,270,0,251,0,927,611,364,50.7
210,330,0,261,0,877,578,364,47.9
350,0,0,232,0,1037,684,364,40
245,0,0,218,0,1114,735,364,25.6
245,52,0,225,0,1073,708,364,36.2
245,105,0,230,0,1036,683,364,46.9
245,175,0,239,0,982,647,364,57.4
245,245,0,250,0,924,609,364,59.7
245,315,0,263,0,864,569,364,60.2
245,385,0,279,0,799,526,364,55.2
400,0,0,239,0,999,659,364,46.3
280,0,0,224,0,1087,716,364,31.2
280,60,0,231,0,1041,686,364,41.1
280,120,0,236,0,999,659,364,53.8
280,200,0,247,0,936,617,364,64.5
280,280,0,263,0,866,570,364,66.7
280,360,0,278,0,796,525,364,67.2
280,440,0,295,0,723,477,364,62.4
425,0,0,211,2.2,734,990,1,15
361,0,64,211,2.2,728,972,1,15.6
298,0,128,211,2.2,741,963,1,11.7
234,0,191,211,2.2,752,934,1,6.4
170,0,255,211,2.2,743,923,1,4.4
106,0,319,211,2.2,735,914,1,1.1
405,0,0,222,1.3,774,959,1,19.4
344,0,61,222,1.3,772,941,1,12.5
284,0,122,222,1.3,771,940,1,10.6
223,0,182,222,1.3,770,904,1,5.7
162,0,243,222,1.3,767,884,1,3.8
370,0,0,222,0.6,785,973,1,16.1
315,0,56,222,0.6,785,928,1,8.8
259,0,111,222,0.6,787,921,1,7.5
204,0,167,222,0.6,793,917,1,3.1
425,0,0,211,2.2,734,990,3,26.9
361,0,64,211,2.2,728,972,3,24.8
298,0,128,211,2.2,741,963,3,21.2
234,0,191,211,2.2,752,934,3,14
170,0,255,211,2.2,743,923,3,7.2
106,0,319,211,2.2,735,914,3,3.2
405,0,0,222,1.3,774,959,3,26.8
344,0,61,222,1.3,772,941,3,24.3
284,0,122,222,1.3,771,940,3,18.7
223,0,182,222,1.3,770,904,3,11.4
162,0,243,222,1.3,767,884,3,5.9
101,0,304,222,1.3,770,904,3,2.6
370,0,0,222,0.6,785,973,3,22.5
315,0,56,222,0.6,785,928,3,17.4
259,0,111,222,0.6,787,921,3,11.6
204,0,167,222,0.6,793,917,3,6.9
148,0,222,222,0.6,785,883,3,4.6
425,0,0,211,2.2,734,990,7,35.1
361,0,64,211,2.2,728,972,7,27.6
298,0,128,211,2.2,741,963,7,24.1
234,0,191,211,2.2,752,934,7,18.6
170,0,255,211,2.2,743,923,7,10.1
106,0,319,211,2.2,735,914,7,4.1
405,0,0,222,1.3,774,959,7,30.4
344,0,61,222,1.3,772,941,7,27.9
284,0,122,222,1.3,771,940,7,20.7
223,0,182,222,1.3,770,904,7,12.9
162,0,243,222,1.3,767,884,7,7.8
101,0,304,222,1.3,770,904,7,3.4
370,0,0,222,0.6,785,973,7,26.3
315,0,56,222,0.6,785,928,7,19.8
259,0,111,222,0.6,787,921,7,16.7
204,0,167,222,0.6,793,917,7,9.1
148,0,222,222,0.6,785,883,7,6.7
93,0,278,222,0.6,794,886,7,2.6
425,0,0,211,2.2,734,990,14,38.8
361,0,64,211,2.2,728,972,14,29.3
298,0,128,211,2.2,741,963,14,26.2
234,0,191,211,2.2,752,934,14,19.2
170,0,255,211,2.2,743,923,14,11.9
106,0,319,211,2.2,735,914,14,5.4
405,0,0,222,1.3,774,959,14,30.9
344,0,61,222,1.3,772,941,14,29.8
284,0,122,222,1.3,771,940,14,22.8
223,0,182,222,1.3,770,904,14,18
162,0,243,222,1.3,767,884,14,9.5
101,0,304,222,1.3,770,904,14,4.3
370,0,0,222,0.6,785,973,14,31.9
315,0,56,222,0.6,785,928,14,24.9
259,0,111,222,0.6,787,921,14,18.5
204,0,167,222,0.6,793,917,14,10.7
148,0,222,222,0.6,785,883,14,7.9
93,0,278,222,0.6,794,886,14,3.8
425,0,0,211,2.2,734,990,21,41.4
361,0,64,211,2.2,728,972,21,30.5
298,0,128,211,2.2,741,963,21,30
234,0,191,211,2.2,752,934,21,23.7
170,0,255,211,2.2,743,923,21,13.8
106,0,319,211,2.2,735,914,21,6.4
405,0,0,222,1.3,774,959,21,33.7
344,0,61,222,1.3,772,941,21,30.2
284,0,122,222,1.3,771,940,21,24
223,0,182,222,1.3,770,904,21,19
162,0,243,222,1.3,767,884,21,11.6
101,0,304,222,1.3,770,904,21,5.5
370,0,0,222,0.6,785,973,21,29
315,0,56,222,0.6,785,928,21,26.9
259,0,111,222,0.6,787,921,21,20.1
204,0,167,222,0.6,793,917,21,12.1
148,0,222,222,0.6,785,883,21,9.4
93,0,278,222,0.6,794,886,21,4.2
425,0,0,211,2.2,734,990,28,43.5
361,0,64,211,2.2,728,972,28,36.8
298,0,128,211,2.2,741,963,28,32.5
234,0,191,211,2.2,752,934,28,23.8
170,0,255,211,2.2,743,923,28,16.8
106,0,319,211,2.2,735,914,28,7
405,0,0,222,1.3,774,959,28,37
344,0,61,222,1.3,772,941,28,32.4
284,0,122,222,1.3,771,940,28,25.4
223,0,182,222,1.3,770,904,28,19.6
162,0,243,222,1.3,767,884,28,13.1
101,0,304,222,1.3,770,904,28,6
370,0,0,222,0.6,785,973,28,32.1
315,0,56,222,0.6,785,928,28,27.5
259,0,111,222,0.6,787,921,28,21.3
204,0,167,222,0.6,793,917,28,13.4
148,0,222,222,0.6,785,883,28,9.8
93,0,278,222,0.6,794,886,28,5
425,0,0,211,2.2,734,990,56,44.9
361,0,64,211,2.2,728,972,56,40.1
298,0,128,211,2.2,741,963,56,35.5
234,0,191,211,2.2,752,934,56,26.8
170,0,255,211,2.2,743,923,56,17.2
106,0,319,211,2.2,735,914,56,9.9
405,0,0,222,1.3,774,959,56,38.4
344,0,61,222,1.3,772,941,56,35.7
284,0,122,222,1.3,771,940,56,27
223,0,182,222,1.3,770,904,56,21.5
162,0,243,222,1.3,767,884,56,14
101,0,304,222,1.3,770,904,56,7.9
370,0,0,222,0.6,785,973,56,34.5
315,0,56,222,0.6,785,928,56,29.3
259,0,111,222,0.6,787,921,56,24.5
204,0,167,222,0.6,793,917,56,16.6
148,0,222,222,0.6,785,883,56,12.6
93,0,278,222,0.6,794,886,56,6.7
350,0,0,105,12.25,1218,812,3,61
280,70,0,105,11.55,1215,810,3,49.1
210,140,0,105,8.75,1209,806,3,48.3
140,210,0,105,7,1206,804,3,31.9
70,280,0,105,5.6,1200,800,3,22
350,0,0,140,5.25,1164,776,3,45.9
280,70,0,140,4.2,1158,772,3,39
210,140,0,140,3.5,1155,770,3,31.9
140,210,0,140,1.75,1149,766,3,27.3
70,280,0,140,2.8,1146,764,3,18.9
350,0,0,175,0.7,1107,738,3,38
280,70,0,175,0,1104,736,3,29.8
210,140,0,175,0,1098,732,3,24.3
140,210,0,175,0,1095,730,3,16.8
70,280,0,175,0,1089,726,3,12.1
400,0,0,120,16,1170,780,3,62.5
320,80,0,120,14,1164,776,3,51.4
240,160,0,120,9.6,1161,774,3,48.5
160,240,0,120,6,1155,770,3,32.3
80,320,0,120,4.8,1149,766,3,24.5
400,0,0,160,6,1107,738,3,49.2
320,80,0,160,4,1101,734,3,41
240,160,0,160,4,1095,730,3,33.4
160,240,0,160,2.4,1092,728,3,26
80,320,0,160,3.6,1086,724,3,22.2
400,0,0,200,0.4,1041,694,3,26.2
320,80,0,200,0,1038,692,3,22.9
240,160,0,200,0,1032,688,3,17.4
160,240,0,200,0,1026,684,3,14.4
80,320,0,200,0,1023,682,3,8.4
450,0,0,135,18,1119,746,3,63.8
360,90,0,135,14.4,1116,744,3,58
270,180,0,135,11.7,1110,740,3,49.8
180,270,0,135,9,1104,736,3,36.8
90,360,0,135,8.1,1098,732,3,26.3
450,0,0,180,4.5,1050,700,3,53
360,90,0,180,3.6,1044,696,3,45.8
270,180,0,180,2.25,1038,692,3,35.9
180,270,0,180,2.25,1032,688,3,26.9
90,360,0,180,1.35,1026,684,3,22.6
450,0,0,225,0,978,652,3,25.8
360,90,0,225,0,972,648,3,21.3
270,180,0,225,0,966,644,3,16.7
180,270,0,225,0,960,640,3,13
90,360,0,225,0,954,636,3,9
350,0,0,105,12.25,1218,812,7,69.4
280,70,0,105,11.55,1215,810,7,68.3
210,140,0,105,8.75,1209,806,7,64.2
140,210,0,105,7,1206,804,7,57.3
70,280,0,105,5.6,1200,800,7,45.8
350,0,0,140,5.25,1164,776,7,54.8
280,70,0,140,4.2,1158,772,7,50.9
210,140,0,140,3.5,1155,770,7,49.1
140,210,0,140,1.75,1149,766,7,46.9
70,280,0,140,2.8,1146,764,7,37.3
350,0,0,175,0.7,1107,738,7,44.5
280,70,0,175,0,1104,736,7,41.2
210,140,0,175,0,1098,732,7,36.9
140,210,0,175,0,1095,730,7,28.7
70,280,0,175,0,1089,726,7,21.8
400,0,0,120,16,1170,780,7,73.8
320,80,0,120,14,1164,776,7,69
240,160,0,120,9.6,1161,774,7,64.5
160,240,0,120,6,1155,770,7,58.3
80,320,0,120,4.8,1149,766,7,48.5
400,0,0,160,6,1107,738,7,53.7
320,80,0,160,4,1101,734,7,51.5
240,160,0,160,4,1095,730,7,50.6
160,240,0,160,2.4,1092,728,7,45.6
80,320,0,160,3.6,1086,724,7,38.6
400,0,0,200,0.4,1041,694,7,34.9
320,80,0,200,0,1038,692,7,34.2
240,160,0,200,0,1032,688,7,28.6
160,240,0,200,0,1026,684,7,23.8
80,320,0,200,0,1023,682,7,18.7
450,0,0,135,18,1119,746,7,75.7
360,90,0,135,14.4,1116,744,7,72.1
270,180,0,135,11.7,1110,740,7,66.4
180,270,0,135,9,1104,736,7,63.2
90,360,0,135,8.1,1098,732,7,50.2
450,0,0,180,4.5,1050,700,7,59.2
360,90,0,180,3.6,1044,696,7,60.3
270,180,0,180,2.25,1038,692,7,56.3
180,270,0,180,2.25,1032,688,7,38.6
90,360,0,180,1.35,1026,684,7,36.7
450,0,0,225,0,978,652,7,36.6
360,90,0,225,0,972,648,7,33.2
270,180,0,225,0,966,644,7,28.3
180,270,0,225,0,960,640,7,20.8
90,360,0,225,0,954,636,7,17.5
350,0,0,105,12.25,1218,812,28,75.8
280,70,0,105,11.55,1215,810,28,81.4
210,140,0,105,8.75,1209,806,28,81
140,210,0,105,7,1206,804,28,73.3
70,280,0,105,5.6,1200,800,28,62.7
350,0,0,140,5.25,1164,776,28,63.9
280,70,0,140,4.2,1158,772,28,65.8
210,140,0,140,3.5,1155,770,28,67.2
140,210,0,140,1.75,1149,766,28,61.8
70,280,0,140,2.8,1146,764,28,50.4
350,0,0,175,0.7,1107,738,28,53.6
280,70,0,175,0,1104,736,28,57
210,140,0,175,0,1098,732,28,55.9
140,210,0,175,0,1095,730,28,45.1
70,280,0,175,0,1089,726,28,29.9
400,0,0,120,16,1170,780,28,80.7
320,80,0,120,14,1164,776,28,81.4
240,160,0,120,9.6,1161,774,28,82
160,240,0,120,6,1155,770,28,77.8
80,320,0,120,4.8,1149,766,28,67.7
400,0,0,160,6,1107,738,28,63.9
320,80,0,160,4,1101,734,28,66
240,160,0,160,4,1095,730,28,66.9
160,240,0,160,2.4,1092,728,28,61.1
80,320,0,160,3.6,1086,724,28,53.1
400,0,0,200,0.4,1041,694,28,51.4
320,80,0,200,0,1038,692,28,52.6
240,160,0,200,0,1032,688,28,51.6
160,240,0,200,0,1026,684,28,40.1
80,320,0,200,0,1023,682,28,25.3
450,0,0,135,18,1119,746,28,80.3
360,90,0,135,14.4,1116,744,28,81.8
270,180,0,135,11.7,1110,740,28,83.8
180,270,0,135,9,1104,736,28,80.6
90,360,0,135,8.1,1098,732,28,66.3
450,0,0,180,4.5,1050,700,28,64.3
360,90,0,180,3.6,1044,696,28,73.5
270,180,0,180,2.25,1038,692,28,66.4
180,270,0,180,2.25,1032,688,28,61.8
90,360,0,180,1.35,1026,684,28,46.8
450,0,0,225,0,978,652,28,48.7
360,90,0,225,0,972,648,28,50.4
270,180,0,225,0,966,644,28,49.3
180,270,0,225,0,960,640,28,39.5
90,360,0,225,0,954,636,28,27.7
350,0,0,105,12.25,1218,812,90,83.9
280,70,0,105,11.55,1215,810,90,86.8
210,140,0,105,8.75,1209,806,90,87.8
140,210,0,105,7,1206,804,90,81.2
70,280,0,105,5.6,1200,800,90,70.6
350,0,0,140,5.25,1164,776,90,71.3
280,70,0,140,4.2,1158,772,90,73.7
210,140,0,140,3.5,1155,770,90,76.3
140,210,0,140,1.75,1149,766,90,74
70,280,0,140,2.8,1146,764,90,58.9
350,0,0,175,0.7,1107,738,90,61.5
280,70,0,175,0,1104,736,90,65.4
210,140,0,175,0,1098,732,90,65.9
140,210,0,175,0,1095,730,90,58.3
70,280,0,175,0,1089,726,90,38.1
400,0,0,120,16,1170,780,90,85.2
320,80,0,120,14,1164,776,90,90.1
240,160,0,120,9.6,1161,774,90,88.3
160,240,0,120,6,1155,770,90,79
80,320,0,120,4.8,1149,766,90,76.2
400,0,0,160,6,1107,738,90,67.9
320,80,0,160,4,1101,734,90,72.4
240,160,0,160,4,1095,730,90,77.9
160,240,0,160,2.4,1092,728,90,75.1
80,320,0,160,3.6,1086,724,90,56.8
400,0,0,200,0.4,1041,694,90,56.8
320,80,0,200,0,1038,692,90,61.4
240,160,0,200,0,1032,688,90,57.9
160,240,0,200,0,1026,684,90,49.6
80,320,0,200,0,1023,682,90,31.6
450,0,0,135,18,1119,746,90,85.7
360,90,0,135,14.4,1116,744,90,90.1
270,180,0,135,11.7,1110,740,90,91.4
180,270,0,135,9,1104,736,90,92.5
90,360,0,135,8.1,1098,732,90,77.4
450,0,0,180,4.5,1050,700,90,71
360,90,0,180,3.6,1044,696,90,82.3
270,180,0,180,2.25,1038,692,90,81
180,270,0,180,2.25,1032,688,90,73.4
90,360,0,180,1.35,1026,684,90,54.6
450,0,0,225,0,978,652,90,50.5
360,90,0,225,0,972,648,90,56.2
270,180,0,225,0,966,644,90,53.4
180,270,0,225,0,960,640,90,49.1
90,360,0,225,0,954,636,90,35
350,0,0,105,12.25,1218,812,360,90
280,70,0,105,11.55,1215,810,360,86.9
210,140,0,105,8.75,1209,806,360,91.8
140,210,0,105,7,1206,804,360,85.7
70,280,0,105,5.6,1200,800,360,74.7
350,0,0,140,5.25,1164,776,360,72.8
280,70,0,140,4.2,1158,772,360,76.7
210,140,0,140,3.5,1155,770,360,78.2
140,210,0,140,1.75,1149,766,360,79.1
70,280,0,140,2.8,1146,764,360,62.6
350,0,0,175,0.7,1107,738,360,66
280,70,0,175,0,1104,736,360,69.8
210,140,0,175,0,1098,732,360,71.7
140,210,0,175,0,1095,730,360,65.9
70,280,0,175,0,1089,726,360,39.1
400,0,0,120,16,1170,780,360,89.9
320,80,0,120,14,1164,776,360,97.1
240,160,0,120,9.6,1161,774,360,92.4
160,240,0,120,6,1155,770,360,89.2
80,320,0,120,4.8,1149,766,360,82.9
400,0,0,160,6,1107,738,360,70.6
320,80,0,160,4,1101,734,360,76.4
240,160,0,160,4,1095,730,360,79
160,240,0,160,2.4,1092,728,360,82.8
80,320,0,160,3.6,1086,724,360,68
400,0,0,200,0.4,1041,694,360,64.1
320,80,0,200,0,1038,692,360,65.8
240,160,0,200,0,1032,688,360,65.2
160,240,0,200,0,1026,684,360,56
80,320,0,200,0,1023,682,360,34.3
450,0,0,135,18,1119,746,360,92.8
360,90,0,135,14.4,1116,744,360,95.9
270,180,0,135,11.7,1110,740,360,96.8
180,270,0,135,9,1104,736,360,101.3
90,360,0,135,8.1,1098,732,360,78.4
450,0,0,180,4.5,1050,700,360,79.4
360,90,0,180,3.6,1044,696,360,86.6
270,180,0,180,2.25,1038,692,360,84.6
180,270,0,180,2.25,1032,688,360,80.6
90,360,0,180,1.35,1026,684,360,58.9
450,0,0,225,0,978,652,360,60.2
360,90,0,225,0,972,648,360,66.7
270,180,0,225,0,966,644,360,65.1
180,270,0,225,0,960,640,360,57.4
90,360,0,225,0,954,636,360,39.6
280,0,0,202,0,988,777,1,5.3
224,0,56,185,0.5,1003,788,1,5
168,0,112,157,2.1,1041,802,1,3.9
112,0,168,124,3.9,1106,801,1,2.6
112,0,448,150,3.7,1101,418,1,2.3
340,0,0,203,0.4,977,737,1,7.6
272,0,68,188,0.8,985,743,1,7.6
204,0,136,163,1.7,1017,752,1,5.8
136,0,204,124,3.3,1089,756,1,3.5
136,0,544,163,4.9,1062,295,1,3.3
280,0,0,202,0,988,777,3,14.6
224,0,56,185,0.5,1003,788,3,12.9
168,0,112,157,2.1,1041,802,3,10.4
112,0,168,124,3.9,1106,801,3,9.7
112,0,448,150,3.7,1101,418,3,8.5
340,0,0,203,0.4,977,737,3,20.4
272,0,68,188,0.8,985,743,3,17.6
204,0,136,163,1.7,1017,752,3,17.8
136,0,204,124,3.3,1089,756,3,13.3
136,0,544,163,4.9,1062,295,3,9.8
280,0,0,202,0,988,777,7,20.9
224,0,56,185,0.5,1003,788,7,18.9
168,0,112,157,2.1,1041,802,7,16.8
112,0,168,124,3.9,1106,801,7,14.5
112,0,448,150,3.7,1101,418,7,14.1
340,0,0,203,0.4,977,737,7,27.2
272,0,68,188,0.8,985,743,7,23.9
204,0,136,163,1.7,1017,752,7,24.7
136,0,204,124,3.3,1089,756,7,18.9
136,0,544,163,4.9,1062,295,7,16.5
280,0,0,202,0,988,777,28,25
224,0,56,185,0.5,1003,788,28,25.4
168,0,112,157,2.1,1041,802,28,25.6
112,0,168,124,3.9,1106,801,28,23.5
112,0,448,150,3.7,1101,418,28,20.9
340,0,0,203,0.4,977,737,28,34.5
272,0,68,188,0.8,985,743,28,36.5
204,0,136,163,1.7,1017,752,28,40.3
136,0,204,124,3.3,1089,756,28,34.5
136,0,544,163,4.9,1062,295,28,30
280,0,0,202,0,988,777,56,27.6
224,0,56,185,0.5,1003,788,56,28.5
168,0,112,157,2.1,1041,802,56,30
112,0,168,124,3.9,1106,801,56,25.6
112,0,448,150,3.7,1101,418,56,24.3
340,0,0,203,0.4,977,737,56,37.2
272,0,68,188,0.8,985,743,56,40.8
204,0,136,163,1.7,1017,752,56,42.5
136,0,204,124,3.3,1089,756,56,38.8
136,0,544,163,4.9,1062,295,56,34.4
280,0,0,202,0,988,777,91,29
224,0,56,185,0.5,1003,788,91,32.1
168,0,112,157,2.1,1041,802,91,35.2
112,0,168,124,3.9,1106,801,91,30.6
112,0,448,150,3.7,1101,418,91,28.5
340,0,0,203,0.4,977,737,91,40.3
272,0,68,188,0.8,985,743,91,45.8
204,0,136,163,1.7,1017,752,91,51.3
136,0,204,124,3.3,1089,756,91,47.8
136,0,544,163,4.9,1062,295,91,40.4
280,0,0,202,0,988,777,182,32.4
224,0,56,185,0.5,1003,788,182,35.9
168,0,112,157,2.1,1041,802,182,39.8
112,0,168,124,3.9,1106,801,182,37.3
112,0,448,150,3.7,1101,418,182,33.6
340,0,0,203,0.4,977,737,182,41.8
272,0,68,188,0.8,985,743,182,49.4
204,0,136,163,1.7,1017,752,182,56.1
136,0,204,124,3.3,1089,756,182,55.6
136,0,544,163,4.9,1062,295,182,48.6
280,0,0,202,0,988,777,365,36.5
224,0,56,185,0.5,1003,788,365,43.2
168,0,112,157,2.1,1041,802,365,39.4
112,0,168,124,3.9,1106,801,365,41.2
112,0,448,150,3.7,1101,418,365,38.7
340,0,0,203,0.4,977,737,365,44.6
272,0,68,188,0.8,985,743,365,54.7
204,0,136,163,1.7,1017,752,365,62.4
136,0,204,124,3.3,1089,756,365,65.3
136,0,544,163,4.9,1062,295,365,61.6
400,0,0,180,0,1107,665,3,21.8
320,80,0,180,0,1107,665,3,14.7
240,160,0,180,0,1107,665,3,11.3
160,240,0,180,0,1107,665,3,9.4
350,0,0,157.5,0,1132,680,3,17.2
280,70,0,157.5,0,1132,680,3,12.9
210,140,0,157.5,0,1132,680,3,8.9
140,210,0,157.5,0,1132,680,3,7
320,0,0,144,0,1145,688,3,14
256,64,0,144,0,1145,688,3,9.9
192,128,0,144,0,1145,688,3,7.7
128,192,0,144,0,1145,688,3,6.3
400,0,0,180,0,1107,665,7,30
320,80,0,180,0,1107,665,7,22.2
240,160,0,180,0,1107,665,7,19.3
160,240,0,180,0,1107,665,7,17.7
350,0,0,157.5,0,1132,680,7,23.3
280,70,0,157.5,0,1132,680,7,17.8
210,140,0,157.5,0,1132,680,7,15.1
140,210,0,157.5,0,1132,680,7,12.6
320,0,0,144,0,1145,688,7,19
256,64,0,144,0,1145,688,7,16
192,128,0,144,0,1145,688,7,13.1
128,192,0,144,0,1145,688,7,11.3
400,0,0,180,0,1107,665,28,46.5
320,80,0,180,0,1107,665,28,38.4
240,160,0,180,0,1107,665,28,35.2
160,240,0,180,0,1107,665,28,30.1
350,0,0,157.5,0,1132,680,28,37
280,70,0,157.5,0,1132,680,28,33
210,140,0,157.5,0,1132,680,28,30.9
140,210,0,157.5,0,1132,680,28,26.9
320,0,0,144,0,1145,688,28,27
256,64,0,144,0,1145,688,28,24.5
192,128,0,144,0,1145,688,28,22.8
128,192,0,144,0,1145,688,28,19
400,0,0,180,0,1107,665,56,50.4
320,80,0,180,0,1107,665,56,45.2
240,160,0,180,0,1107,665,56,47.2
160,240,0,180,0,1107,665,56,34.6
350,0,0,157.5,0,1132,680,56,40.2
280,70,0,157.5,0,1132,680,56,36.2
210,140,0,157.5,0,1132,680,56,38.1
140,210,0,157.5,0,1132,680,56,30.5
320,0,0,144,0,1145,688,56,29.7
256,64,0,144,0,1145,688,56,26.7
192,128,0,144,0,1145,688,56,28.2
128,192,0,144,0,1145,688,56,21.2
400,0,0,180,0,1107,665,90,52.1
320,80,0,180,0,1107,665,90,47.2
240,160,0,180,0,1107,665,90,49.8
160,240,0,180,0,1107,665,90,37
350,0,0,157.5,0,1132,680,90,41.6
280,70,0,157.5,0,1132,680,90,38
210,140,0,157.5,0,1132,680,90,39.7
140,210,0,157.5,0,1132,680,90,32
320,0,0,144,0,1145,688,90,30.8
256,64,0,144,0,1145,688,90,28.2
192,128,0,144,0,1145,688,90,29.6
128,192,0,144,0,1145,688,90,23
400,0,0,180,0,1107,665,150,53.4
320,80,0,180,0,1107,665,150,49.6
240,160,0,180,0,1107,665,150,52
160,240,0,180,0,1107,665,150,39.2
350,0,0,157.5,0,1132,680,150,43.5
280,70,0,157.5,0,1132,680,150,40.2
210,140,0,157.5,0,1132,680,150,42.1
140,210,0,157.5,0,1132,680,150,34.5
320,0,0,144,0,1145,688,150,31.8
256,64,0,144,0,1145,688,150,29.4
192,128,0,144,0,1145,688,150,30.5
128,192,0,144,0,1145,688,150,24.1
400,0,0,180,0,1107,665,180,54.1
320,80,0,180,0,1107,665,180,50.8
240,160,0,180,0,1107,665,180,52.8
160,240,0,180,0,1107,665,180,39.9
350,0,0,157.5,0,1132,680,180,44.4
280,70,0,157.5,0,1132,680,180,41.4
210,140,0,157.5,0,1132,680,180,43.2
140,210,0,157.5,0,1132,680,180,35.7
320,0,0,144,0,1145,688,180,32.3
256,64,0,144,0,1145,688,180,30.1
192,128,0,144,0,1145,688,180,31.2
128,192,0,144,0,1145,688,180,24.8
450,0,0,157.5,4.5,780,820,7,27.5
382.5,67.5,0,157.5,4.5,780,820,7,30.1
315,135,0,157.5,4.5,780,820,7,30.8
247.5,202.5,0,157.5,4.5,780,820,7,29.6
180,270,0,157.5,4.5,780,820,7,28.5
450,0,0,157.5,4.5,780,820,14,32.1
382.5,67.5,0,157.5,4.5,780,820,14,38.3
315,135,0,157.5,4.5,780,820,14,40.5
247.5,202.5,0,157.5,4.5,780,820,14,38.2
180,270,0,157.5,4.5,780,820,14,37.1
450,0,0,157.5,4.5,780,820,28,35.7
382.5,67.5,0,157.5,4.5,780,820,28,42.4
315,135,0,157.5,4.5,780,820,28,43.8
247.5,202.5,0,157.5,4.5,780,820,28,40.4
180,270,0,157.5,4.5,780,820,28,39.7
450,0,0,157.5,4.5,780,820,56,38.2
382.5,67.5,0,157.5,4.5,780,820,56,45.9
315,135,0,157.5,4.5,780,820,56,47.6
247.5,202.5,0,157.5,4.5,780,820,56,44.9
180,270,0,157.5,4.5,780,820,56,43.2
450,0,0,157.5,4.5,780,820,90,40.8
382.5,67.5,0,157.5,4.5,780,820,90,50.5
315,135,0,157.5,4.5,780,820,90,52.8
247.5,202.5,0,157.5,4.5,780,820,90,49
180,270,0,157.5,4.5,780,820,90,48.8
390,0,0,185,2.6,1170,560,7,19.4
390,0,50,187,3.5,1170,510,7,21.4
390,0,110,190,3.6,1170,450,7,22.6
390,0,170,190,3.7,1170,390,7,25
390,0,220,192,3.7,1170,340,7,26.5
390,0,280,195,3.9,1170,280,7,27.2
390,0,0,185,2.6,1170,560,14,22
390,0,50,187,3.5,1170,510,14,23
390,0,110,190,3.6,1170,450,14,24.6
390,0,170,190,3.7,1170,390,14,27.6
390,0,220,192,3.7,1170,340,14,29.3
390,0,280,195,3.9,1170,280,14,30.2
390,0,0,185,2.6,1170,560,28,26.4
390,0,50,187,3.5,1170,510,28,28.2
390,0,110,190,3.6,1170,450,28,30.8
390,0,170,190,3.7,1170,390,28,34.9
390,0,220,192,3.7,1170,340,28,38.9
390,0,280,195,3.9,1170,280,28,40
390,0,0,185,2.6,1170,560,56,29
390,0,50,187,3.5,1170,510,56,31.2
390,0,110,190,3.6,1170,450,56,34
390,0,170,190,3.7,1170,390,56,40.2
390,0,220,192,3.7,1170,340,56,44.6
390,0,280,195,3.9,1170,280,56,46.3
390,0,0,185,2.6,1170,560,91,31
390,0,50,187,3.5,1170,510,91,34.2
390,0,110,190,3.6,1170,450,91,38
390,0,170,190,3.7,1170,390,91,44
390,0,220,192,3.7,1170,340,91,49.8
390,0,280,195,3.9,1170,280,91,51.4
390,0,0,185,2.6,1170,560,365,32.8
390,0,50,187,3.5,1170,510,365,36.3
390,0,110,190,3.6,1170,450,365,40.5
390,0,170,190,3.7,1170,390,365,46.4
390,0,220,192,3.7,1170,340,365,52.3
390,0,280,195,3.9,1170,280,365,54.8
637,0,0,150,18.4,936,711,3,70
475,0,158,150,18.3,924,681,3,62.3
347,0,283,148,23.7,920,639,3,42.5
702,0,0,135,35.1,949,641,3,78
512,0,173,133,34.7,932,620,3,66.8
372,0,305,130,33.8,927,608,3,41.7
637,0,0,150,18.4,936,711,7,79.5
475,0,158,150,18.3,924,681,7,74.6
347,0,283,148,23.7,920,639,7,56.3
702,0,0,135,35.1,949,641,7,83.5
512,0,173,133,34.7,932,620,7,74.2
372,0,305,130,33.8,927,608,7,56.4
637,0,0,150,18.4,936,711,28,97.4
475,0,158,150,18.3,924,681,28,105.9
347,0,283,148,23.7,920,639,28,89.4
702,0,0,135,35.1,949,641,28,96.8
512,0,173,133,34.7,932,620,28,102.3
372,0,305,130,33.8,927,608,28,88.5
637,0,0,150,18.4,936,711,90,110.2
475,0,158,150,18.3,924,681,90,124.5
347,0,283,148,23.7,920,639,90,107.2
702,0,0,135,35.1,949,641,90,114.5
512,0,173,133,34.7,932,620,90,123.6
372,0,305,130,33.8,927,608,90,109.2
200,0,200,195,0,810.5,810.5,28,34.2
200,0,250,195,1,810.5,748.5,28,38.2
200,0,300,195,1.25,810.5,686.5,28,36.7
200,0,350,195,2.24,810.5,624.5,28,42
200,0,400,195,2,810.5,562.5,28,40.2
150,0,150,183,0,878.6,878.6,28,24.3
150,0,200,183,0,878.6,816.6,28,25.7
150,0,250,183,0,878.6,754.6,28,24.5
150,0,300,183,0.33,878.6,692.6,28,26.8
150,0,350,183,1.13,878.6,630.6,28,29.8
