Cement,Fine_Aggregates,Coarse_Aggregates,Water,Water_reducing_Admixture,Fly_Ash,Accelerating_Agent,Silica_Fume,Time,Strength
380,832,1017,171,6.84,0,0,0,7,36.2
338,824,1007,171,7.16,60,0,0,7,36.4
241,896,1051,170,4.24,42,0,0,7,18.9
358,823,1047,172,5.37,0,0,0,7,36.8
304,823,1047,172,5.37,54,0,0,7,35.6
205,925,1044,190,3.62,36,0,0,7,17.3
425,758,1047,170,6.38,0,0,0,7,45.4
369,738,1063,165,7.81,65,0,0,7,47.5
321,859,1050,170,4.82,0,0,0,7,30.7
281,835,1062,172,4.96,50,0,0,7,31.3
353,780,1035,170,6.22,62,0,0,7,39.1
391,790,1047,172,5.86,0,0,0,7,40.9
293,891,1046,170,4.4,0,0,0,7,24.6
266,843,1072,172,4.7,47,0,0,7,24.4
209,988,989,174,3.74,40,0,0,7,18.9
235,965,1004,171,4.2,45,0,0,7,22.6
270,926,1003,170,4.82,51,0,0,7,29
319,866,1017,167,5.7,61,0,0,7,38.5
332,893,968,174,7.11,63,0,0,7,36.2
324,843,1031,170,5.79,62,0,0,7,36.8
216,789,1089,162,5.4,144,0,0,7,30.6
344,842,1030,168,6.15,66,0,0,7,41.4
276,927,1046,171,4.14,0,0,0,7,23
309,893,1048,170,4.64,0,0,0,7,29.5
373,869,1020,168,5.6,0,0,0,7,36.6
384,880,993,173,6.91,0,0,0,7,36.9
384,841,1027,168,5.76,0,0,0,7,37.7
395,822,1047,166,5.92,0,0,0,7,39.9
431,796,1055,168,7.76,0,0,0,7,44.6
470,761,929,190,5.64,0,0,0,7,26.7
450,770,942,188,5.4,0,0,0,7,22.5
250,1600,0,270,0,0,0,0,7,6.3
300,1600,0,270,0,0,0,0,7,12.7
320,1600,0,280,0,0,0,0,7,15.3
400,1600,0,280,0,0,0,0,7,17.9
540,1600,0,300,0,0,0,0,7,26.8
790,950,0,386,7.9,0,0,0,7,29.9
560,1600,0,250,5.6,0,0,0,7,34.6
500,805,805,240,0,0,30,0,7,35
469,826,825,230,0,0,28.14,0,7,30.76666667
500,832,833,185,0,4,50,0,7,37.5
460,853,853,184,0,3.68,46,0,7,31.83333333
386,830,1014,170,6.95,0,0,0,7,39.16666667
320,788,1044,168,7.2,80,0,0,7,38.86666667
313,775,1071,172,5.73,69,0,0,7,37.9
375,818,1042,165,5.62,0,0,0,7,41.46666667
305,807,1069,165,5.38,54,0,0,7,31.1
344,832,1059,165,5.16,0,0,0,7,31.53333333
317,825,1093,165,4.76,0,0,0,7,35.3
286,834,1062,168,5.04,50,0,0,7,31.26666667
365,821,1046,168,5.48,0,0,0,7,32.06666667
382,814,1036,168,5.73,0,0,0,7,40.23333333
378,815,1037,170,5.67,0,0,0,7,38.4
336,771,1064,170,5.92,59,0,0,7,38.8
434,740,1111,165,7.81,0,0,0,7,49.56666667
382,771,1064,166,8.08,67,0,0,7,45.53333333
444,757,1089,160,7.99,0,0,0,7,46.76666667
376,736,1104,168,7.96,66,0,0,7,45.43333333
275,834,1106,165,4.13,0,0,0,7,24.86666667
295,845,1075,165,4.43,0,0,0,7,27.3
259,820,1087,168,4.58,46,0,0,7,26.46666667
446,772,1067,165,6.69,0,0,0,7,45.93333333
242,851,1127,160,3.63,0,0,0,7,20.96666667
383,719,1225,153,6.13,0,0,0,7,6.266666667
393,792,1050,165,5.5,0,0,0,7,42.93333333
225,763,1097,165,7.5,150,0,0,7,27.6
234,834,1106,165,3.9,41,0,0,7,22.5
252,880,1033,168,4.2,48,0,0,7,25.1
293,881,1036,168,4.1,0,0,0,7,28.2
257,880,1033,166,4.5,45,0,0,7,27.8
276,853,1042,168,5,60,0,0,7,30
323,859,1050,168,4.8,0,0,0,7,33.2
293,863,1012,168,5.4,64,0,0,7,30.7
343,869,1020,169,5.1,0,0,0,7,34.5
313,818,1040,168,6,60,0,0,7,34.8
370,837,1023,170,5.9,0,0,0,7,35.4
321,865,976,168,7,70,0,0,7,35.8
378,852,1000,170,6.8,0,0,0,7,37.2
317,870,980,168,6.5,65,0,0,7,31.9
365,877,990,168,6.2,0,0,0,7,36
325,851,999,168,6.5,57,0,0,7,35.4
373,855,1004,168,6.3,0,0,0,7,36.3
376,791,1048,165,8,70,0,0,7,42.1
423,801,1061,165,7.6,0,0,0,7,44.8
385,822,1005,165,8.2,73,0,0,7,43
434,833,1018,165,7.8,0,0,0,7,45.3
340,806,1026,168,6.8,60,0,0,7,39.5
391,829,1012,168,6.6,0,0,0,7,41.6
463,901,901,185,6.5,0,32.4,0,7,29.3
500,883,883,185,7,0,35,0,7,32.4
450,785,785,180,5.4,0,27,0,7,27.8
420,796,795,189,5.04,0,16.8,0,7,23.1
295,861,970,171,5.97,103,0,0,7,39.2
295,861,970,171,5.97,103,0,0,7,39.2
338,864,975,163,5.17,60,0,0,7,43.9
296,776,1116,160,3.83,52,0,0,7,38.9
280,838,1067,165,3.96,50,0,0,7,33.8
269,862,1053,168,3.804,48,0,0,7,27.6
238,937,1015,168,3.36,42,0,0,7,22.5
350,784,1039,165,5.36,62,0,0,7,43.9
357,725,1087,168,6.3,63,0,0,7,48.6
494,737,1061,158,7.41,0,0,0,7,59.2
480,706,1059,158,7.91,47,0,0,7,64.2
318,861,970,171,5.17,80,0,0,7,39.6
214,917,1033,165,3.42,71,0,0,7,19.9
267,903,1019,164,3.768,47,0,0,7,24.9
450,840,840,171,0,0,27,0,7,21.3
470,826,826,178,0,0,28.2,0,7,26.2
293,871,1023,162,4.128,52,0,0,7,26.8
300,863,974,163,5.6,100,0,0,7,36
323,855,1003,162,4.94,57,0,0,7,29.5
298,860,970,172,5.97,100,0,0,7,36
340,826,1009,165,5.2,60,0,0,7,37.1
357,823,1047,160,5.46,63,0,0,7,46.8
311,816,997,172,6.225,104,0,0,7,38.2
483,742,1067,162,7.245,0,0,0,7,58.6
290,1600,0,280,0,0,0,0,7,8.5
320,1600,0,290,0,0,0,0,7,11.5
410,1600,0,270,0,0,0,0,7,22.8
772,822,0,386,0,0,0,0,7,25.7
460,1600,0,300,0,0,0,0,7,30.9
825,825,0,394,8.25,0,0,0,7,32.7
194,869,1063,179,3.11,65,0,0,7,15.2
214,868,1062,185,3.42,71,0,0,7,21.1
260,837,1066,172,3.9,65,0,0,7,27.6
301,798,1057,169,4.51,75,0,0,7,34
330,768,1061,169,4.94,82,0,0,7,37.9
354,743,1070,164,5.32,89,0,0,7,44.5
314,790,1048,169,4.72,79,0,0,7,34.2
346,759,1049,169,5.2,87,0,0,7,38.3
322,783,1038,177,6.03,80,0,0,7,31.9
294,802,1062,169,4.4,73,0,0,7,33.9
322,772,1067,169,4.82,80,0,0,7,38.8
346,748,1076,164,6.05,86,0,0,7,42.7
307,794,1053,169,4.61,77,0,0,7,34
338,764,1055,169,5.06,84,0,0,7,39
314,787,1043,177,5.9,79,0,0,7,33.2
440,820,820,220,0,0,30.8,0,7,22.2
489,796,796,220,0,0,34.23,0,7,25.6
301,798,1057,169,4.51,75,0,0,7,30.9
322,819,1002,177,6.03,80,0,0,7,32.2
194,765,1147,179,3.37,65,0,0,7,16.8
221,854,1044,177,3.54,74,0,0,7,21.2
260,833,1060,172,3.9,65,0,0,7,26.2
334,768,1061,169,5.23,68,0,0,7,36.8
359,745,1073,169,6.5,74,0,0,7,41.8
307,794,1053,169,4.61,77,0,0,7,33
350,760,1049,169,5.49,72,0,0,7,39.1
314,825,1009,173,5.9,79,0,0,7,31.2
301,816,1039,169,4.51,75,0,0,7,31.6
334,786,1043,169,5.23,68,0,0,7,36.3
351,751,1081,165,6.34,72,0,0,7,41.1
197,859,1049,179,3.42,66,0,0,7,15.7
221,854,1044,177,3.54,74,0,0,7,21
260,700,1193,172,3.9,65,0,0,7,25.9
494,683,1115,158,7.41,0,0,0,7,53.3
470,693,1130,157,7.05,0,0,0,7,52.2
352,803,981,176,6.6,88,0,0,7,40.5
331,815,997,174,6.21,83,0,0,7,39
353,715,1072,172,5.733,88,0,0,7,39.7
386,729,1049,168,5.902,68,0,0,7,43.2
305,816,1039,164,4.953,76,0,0,7,37.9
262,790,1092,168,4.55,88,0,0,7,32.8
247,838,1064,168,4.277,82,0,0,7,28.7
346,807,987,173,6.495,87,0,0,7,37.7
328,818,1000,172,6.15,82,0,0,7,33.7
367,749,1034,170,6.258,80,0,0,7,48.5
336,761,1051,168,5.46,84,0,0,7,47.7
305,816,1039,164,4.953,76,0,0,7,41.9
491,719,1078,157,7.365,0,0,0,7,55.9
278,810,1073,170,4.511,69,0,0,7,38.2
247,837,1066,168,3.948,82,0,0,7,29.3
206,890,1088,171,3.012,45,0,0,7,22.8
245,1510,0,290,0,0,0,0,7,8.2
275,1510,0,285,0,0,0,0,7,10.4
315,1510,0,280,0,0,0,0,7,15.9
343,814,1035,163,5.852,75,0,0,7,45.6
303,821,1046,163,5.18,67,0,0,7,38.4
199,893,1049,175,2.92,44,0,0,7,11.8
497,753,1041,159,7.455,0,0,0,7,59
481.8181818,742,1067,159,7.215,0,0,0,7,58.6
365,786,1042,163,6.006,64,0,0,7,41.6
491,717,1075,157,7.365,50,0,0,7,52.8
491,735,1057,157,7.365,0,0,0,7,51.6
305,798,1057,164,4.953,76,0,0,7,41.36666667
328,782,1036,172,6.15,82,0,0,7,37.23333333
354,748,1032,177,6.645,89,0,0,7,39.13333333
383,739,1063,167,5.863,68,0,0,7,44.73333333
344,809,989,172,6.45,86,0,0,7,41.13333333
328,818,1000,172,6.15,82,0,0,7,32.73333333
328,836,982,172,5.74,82,0,0,7,41.8
298,874,985,168,5.222,75,0,0,7,34.93333333
347,822,966,178,6.51,87,0,0,7,37.6
330,835,980,173,6.18,82,0,0,7,35.86666667
285,862,1011,171,4.628,71,0,0,7,27.46666667
265,892,1005,172,4.303,66,0,0,7,22.53333333
238,924,1002,176,3.874,60,0,0,7,18.63333333
226,935,1012,170,3.679,57,0,0,7,13.6
350,819,1002,171,6.132,88,0,0,7,42.5
494,713,1071,163,7.41,0,0,0,7,49.86666667
346,807,1027,164,6.048,86,0,0,7,45.16666667
318,828,1011,163,5.575,80,0,0,7,39.53333333
289,865,1015,159,5.054,72,0,0,7,35.7
357,746,1073,165,5.798,89,0,0,7,44.9
356,819,1000,166,6.23,89,0,0,7,45.4
497,696,1088,159,7.455,0,0,0,7,49.3
252,936,975,172,3.267,45,0,0,7,18.03333333
263,911,987,173,3.708,46,0,0,7,22.6
283,873,1024,170,4.329,50,0,0,7,28.53333333
308,859,1009,170,4.344,54,0,0,7,30.16666667
328,867,977,170,5.404,58,0,0,7,40.2
354,850,958,175,6.255,63,0,0,7,41.3
348,859,969,172,5.74,62,0,0,7,41.73333333
374,866,938,176,6.16,66,0,0,7,40.33333333
385,790,1005,172,6.342,68,0,0,7,47.3
400,869,979,172,6,0,0,0,7,43.56666667
491,715,1072,162,6.383,0,0,0,7,49.6
358,795,1054,160,5.473,63,0,0,7,43.1
361,830,975,170,5.525,64,0,0,7,36.7
351,812,1034,161,5.369,62,0,0,7,37.5
340,841,987,172,5.6,60,0,0,7,32.5
324,853,1002,164,5.334,57,0,0,7,30.9
293,871,1022,162,4.83,52,0,0,7,29.4
251,885,1038,162,4.13,44,0,0,7,25.4
231,886,1039,163,3.536,41,0,0,7,22.8
207,898,1054,165,2.916,36,0,0,7,17.9
355,795,1054,163,5.434,63,0,0,7,40.7
322,836,1022,163,5.306,57,0,0,7,34.2
257,862,1053,163,4.228,45,0,0,7,24.6
365,850,998,163,5.577,64,0,0,7,42.8
497,772,1007,164,7.455,60,0,0,7,49.3
236,927,1004,174,2.95,59,0,0,7,17.7
259,855,1046,175,3.24,65,0,0,7,22.8
285,842,1028,174,3.56,71,0,0,7,27.7
317,823,1007,174,3.95,79,0,0,7,32.6
331,814,994,178,0.05796,83,0,0,7,33.7
371,810,991,168,4.741,60,0,0,7,37.3
340,816,998,166,4.62,80,0,0,7,37.3
391,803,982,166,5.388,58,0,0,7,43.6
222,846,1035,161,3.938,136,0,0,7,29.9
395,782,996,168,5.448,59,0,0,7,42.8
328,813,954,164,7.035,141,0,0,7,43.9
491,775,1027,157,7.37,0,0,0,7,53.7
491,811,991,157,7.86,0,0,0,7,55.6
250,1638,0,230,0,0,0,0,7,8.3
310,1638,0,250,0,0,0,0,7,11.2
581,1229,0,310,0,0,0,0,7,23.4
840,993,0,365,0,0,0,0,7,34.7
454,839,839,218,0,0,27.24,0,7,22.4
489,823,823,215,0,0,24.45,0,7,26.6
368,794,1011,167,6.42,60,0,0,7,35.5
339,793,1009,174,4.2,85,0,0,7,40.9
305,818,1041,160,3.8,76,0,0,7,48.2
270,1630,0,270,0,0,0,0,7,11.5
315,1630,0,285,0,0,0,0,7,17.3
400,1630,0,290,0,0,0,0,7,21.4
251,858,1048,160,3.1,63,0,0,7,32.2
216,860,1052,160,3.1,92,0,0,7,29.4
246,822,1091,160,3.1,62,0,0,7,35.2
213,827,1052,167,3,91,0,0,7,29.1
211,844,1074,160,3,91,0,0,7,27.8
324,837,1022,160,3.8,57,0,0,7,48.4
316,822,1046,160,3.7,56,0,0,7,43.6
300,828,1012,160,4,100,0,0,7,36.5
358,800,1020,160,5.1,63,0,0,7,46.3
958,958,0,384,7.7,0,0,0,7,65.2
650,1630,0,310,0,0,0,0,7,32.6
439,685,1118,158,4.39,0,0,0,7,56.8
444,682,1114,160,4.44,0,0,0,7,55.4
369,787,1043,165,5.21,65,0,0,7,49.6
367,771,1067,160,5.19,65,0,0,7,51.6
421,736,1060,150,6.29,48,0,15,7,61.6
435,746,1030,155,6.5,50,0,15,7,61.7
210,858,1137,158,2.47,37,0,0,7,17.2
244,909,1066,158,3.44,43,0,0,7,22.8
269,810,1166,158,3.48,47,0,0,7,26.2
477,798,865,210,4.77,0,33.4,0,7,28.8
335,782,1125,158,4.62,50,0,0,7,34.7
330,782,1081,165,5.23,72,0,0,7,34.6
362,769,1107,158,5.41,54,0,0,7,38.9
488,756,888,210,3.9,0,34.12,0,7,34.2
277,881,993,180,5.19,69,0,0,7,27
253,895,1010,180,4.74,63,0,0,7,21.3
528,791,791,190,5.28,0,31.68,0,7,26.1
475,772,1023,155,6,0,0,25,7,61.3
460,778,1032,155,5.82,0,0,25,7,64.2
470,773,1024,158,5.94,0,0,25,7,65
340,848,957,170,5.1,85,0,0,7,30.4
206,980,980,165,2.75,69,0,0,7,17.4
225,968,967,165,3,75,0,0,7,23.2
257,895,1010,165,3.3,73,0,0,7,28
276,882,994,170,3.54,78,0,0,7,32.6
366,861,933,170,4.36,70,0,0,7,33.9
424,759,1005,165,5.65,47,0,0,7,43.7
462,761,1009,161,6.23,57,0,0,7,54.3
234,980,980,165,2.75,41,0,0,7,18.6
276,921,997,165,3.17,41,0,0,7,24.4
303,873,1025,165,3.37,34,0,0,7,28.9
337,837,1023,165,3.75,38,0,0,7,33.1
392,825,969,170,4.36,44,0,0,7,34.7
401,823,966,165,5.35,45,0,0,7,43.9
478,783,1037,153,5.74,0,0,0,7,54.7
340,848,957,170,5.1,85,0,0,7,30.4
276,882,994,170,3.54,78,0,0,7,32.6
389,764,1014,165,5.5,69,0,0,7,41.8
358,820,963,170,5.81,89,0,0,7,38.4
235,890,1045,165,3,65,0,0,7,19.2
395,781,1036,157,5.71,62,0,19,7,52
409,761,1051,151,5.84,54,0,24,7,56.5
391,759,996,156,6.85,78,0,20,7,61.7
391,758,996,156,6.36,78,0,20,7,62.5
416,776,1029,156,6.36,73,0,0,7,53.9
489,776,1029,156,6.846,0,0,0,7,52.1
440,776,1029,156,6.85,49,0,0,7,50.3
208,893,1091,156,3.12,52,0,0,7,18.4
232,878,1072,160,3.48,58,0,0,7,23.7
256,864,1056,160,3.84,64,0,0,7,27.9
308,883,959,173,5.39,77,0,0,7,33.8
306,880,992,168,4.32,54,0,0,7,32.4
216,789,1089,162,5.04,144,0,0,7,31.2
351,774,1068,168,5.46,39,0,0,7,37.7
445,757,1046,152,8.91,50,0,0,7,52.8
382,802,1064,159,7.65,43,0,0,7,45.6
382,784,1082,159,7.65,43,0,0,7,46.4
480,800,1018,152,8.64,0,0,0,7,53.1
520,770,1063,147,9.36,0,0,0,7,60.7
330,869,942,159,7.31,100,0,0,7,38
352,769,354.3333333,168,4.4,48,0,0,7,38.5
352,788,348,168,4.8,48,0,0,7,34.2
260,840,356.3333333,165,3.37,46,0,0,7,29.8
286,808,357,165,3.7,51,0,0,7,33.7
352,806,342,168,7.2,48,0,0,7,37.4
206,843,372.3333333,165,4.12,69,0,0,7,21.5
225,832,367.6666667,165,4.5,75,0,0,7,25.5
264,781,374.6666667,165,4.95,66,0,0,7,29.8
307,725,379.3333333,165,5.62,68,0,0,7,37.6
363,730,381.3333333,165,7.42,49,0,0,7,40.1
401,717,374,165,8.03,45,0,0,7,46.5
201,942,1020,166,4.08,71,0,0,7,22
250,913,1029,174,5.02,84,0,0,7,28.1
292,863,1054,168,5.48,73,0,0,7,36.8
321,851,1040,168,7.04,70,0,0,7,35.9
359,797,1057,164,7.78,73,0,0,7,40.2
405,803,1022,170,7.29,0,0,0,7,34.2
379,743,1115,163,5.685,0,0,0,7,33.5
321,802,1107,170,4.815,0,0,0,7,23.1
395,807,1028,170,7.11,0,0,0,7,34
366,787,1086,161,5.856,0,0,0,7,32.9
318,839,1068,175,4.77,0,0,0,7,22.6
436,700,1094,170,7.85,0,0,0,7,42.5
344,757,1134,165,6.19,0,0,0,7,33.5
275,843,1117,165,4.95,0,0,0,7,23.3
316,807,1028,170,5.925,79,0,0,7,31.8
316,742,1113,150,5.925,79,0,0,7,35.1
346,688,1123,156,6.495,87,0,0,7,40.1
395,742,1113,150,5.925,0,0,0,7,41
433,688,1123,156,6.495,0,0,0,7,46.1
362,750,1125,163,5.43,0,0,0,7,35.4
254,872,1109,165,4.57,0,0,0,7,23.3
344,756,1135,165,6.19,0,0,0,7,33.5
436,700,1094,170,7.85,0,0,0,7,42.5
427,710,1158,155,7.69,0,0,0,7,48.3
395,738,1107,160,7.11,0,0,0,7,46.5
380,777,1073,170,6.84,0,0,0,7,39.4
366,750,1124,160,5.5,0,0,0,7,44.1
385,864,974,177,6.93,0,0,0,7,35.9
377,817,1040,166,5.66,0,0,0,7,35.2
391,827,1010,172,7.04,0,0,0,7,37.5
391,827,1010,172,7.04,0,0,0,7,35.9
385,864,974,177,6.93,0,0,0,7,36
327,875,1028,170,4.58,0,0,0,7,29
344,870,1021,165,5.16,0,0,0,7,32.2
377,817,1040,166,5.66,0,0,0,7,36.8
398,809,1030,163,6.37,0,0,0,7,39.9
297,925,1003,175,3.86,0,0,0,7,21.2
398,756,1067,159,6.37,0,0,0,7,45.9
377,782,1079,162,5.66,0,0,0,7,41.3
304,847,1079,170,4.25,0,0,0,7,27.9
338,828,1011,163,7.16,60,0,0,7,35.3
426,718,1124,162,7.24,0,0,0,7,50.7
372,714,1116,162,7.45,66,0,0,7,49.4
322,836,1022,163,6.82,57,0,0,7,40.8
330,795,1054,163,6.21,58,0,0,7,40.3
300,818,1042,165,5.63,75,0,0,7,38.2
319,818,1042,165,5.63,56,0,0,7,39.2
286,864,1014,165,5.06,51,0,0,7,37.1
273,864,1015,170,4.49,48,0,0,7,31.1
249,890,1004,173,3.81,44,0,0,7,27.4
319,837,1023,165,5.63,56,0,0,7,35.8
322,855,1003,163,6.82,57,0,0,7,37.5
300,837,1023,165,5.63,75,0,0,7,33
280,867,1018,165,4.95,50,0,0,7,37.2
268,886,999,170,4.41,47,0,0,7,27.3
245,893,1006,173,3.74,43,0,0,7,22.1
330,795,1054,163,6.21,58,0,0,7,39.2
372,714,1116,162,7.45,66,0,0,7,43.7
380,832,1017,171,6.84,0,0,0,28,42.8
338,824,1007,171,7.16,60,0,0,28,42.2
241,896,1051,170,4.24,42,0,0,28,24.4
358,823,1047,172,5.37,0,0,0,28,41.6
304,823,1047,172,5.37,54,0,0,28,41.2
205,925,1044,190,3.62,36,0,0,28,22.2
425,758,1047,170,6.38,0,0,0,28,52.4
369,738,1063,165,7.81,65,0,0,28,53.5
321,859,1050,170,4.82,0,0,0,28,36.4
281,835,1062,172,4.96,50,0,0,28,35.8
353,780,1035,170,6.22,62,0,0,28,46.6
391,790,1047,172,5.86,0,0,0,28,46.2
293,891,1046,170,4.4,0,0,0,28,30.6
266,843,1072,172,4.7,47,0,0,28,29.8
209,988,989,174,3.74,40,0,0,28,23.9
235,965,1004,171,4.2,45,0,0,28,28.5
270,926,1003,170,4.82,51,0,0,28,37.4
319,866,1017,167,5.7,61,0,0,28,43.25
332,893,968,174,7.11,63,0,0,28,42.55
324,843,1031,170,5.79,62,0,0,28,42.5
216,789,1089,162,5.4,144,0,0,28,43.2
344,842,1030,168,6.15,66,0,0,28,47
276,927,1046,171,4.14,0,0,0,28,28.95
309,893,1048,170,4.64,0,0,0,28,37.55
373,869,1020,168,5.6,0,0,0,28,42
384,880,993,173,6.91,0,0,0,28,42.05
384,841,1027,168,5.76,0,0,0,28,41.15
395,822,1047,166,5.92,0,0,0,28,45.35
431,796,1055,168,7.76,0,0,0,28,50.9
470,761,929,190,5.64,0,0,0,28,35.85
450,770,942,188,5.4,0,0,0,28,28.25
250,1600,0,270,0,0,0,0,28,12.8
300,1600,0,270,0,0,0,0,28,16.8
320,1600,0,280,0,0,0,0,28,18.8
400,1600,0,280,0,0,0,0,28,26
540,1600,0,300,0,0,0,0,28,38.3
790,950,0,386,7.9,0,0,0,28,38.5
560,1600,0,250,5.6,0,0,0,28,39.2
500,805,805,240,0,0,30,0,28,40.33333333
469,826,825,230,0,0,28.14,0,28,34.88333333
500,832,833,185,0,4,50,0,28,42
460,853,853,184,0,3.68,46,0,28,36.4
386,830,1014,170,6.95,0,0,0,28,48.2
320,788,1044,168,7.2,80,0,0,28,44.81666667
313,775,1071,172,5.73,69,0,0,28,42.33333333
375,818,1042,165,5.62,0,0,0,28,49.16666667
305,807,1069,165,5.38,54,0,0,28,39.13333333
344,832,1059,165,5.16,0,0,0,28,37.6
317,825,1093,165,4.76,0,0,0,28,41.88333333
286,834,1062,168,5.04,50,0,0,28,39.08333333
365,821,1046,168,5.48,0,0,0,28,37.9
382,814,1036,168,5.73,0,0,0,28,46.55
378,815,1037,170,5.67,0,0,0,28,44.56666667
336,771,1064,170,5.92,59,0,0,28,44.08333333
434,740,1111,165,7.81,0,0,0,28,54.18333333
382,771,1064,166,8.08,67,0,0,28,53.86666667
444,757,1089,160,7.99,0,0,0,28,53.05
376,736,1104,168,7.96,66,0,0,28,54.1
275,834,1106,165,4.13,0,0,0,28,29.05
295,845,1075,165,4.43,0,0,0,28,33.8
259,820,1087,168,4.58,46,0,0,28,32.21666667
446,772,1067,165,6.69,0,0,0,28,52.23333333
242,851,1127,160,3.63,0,0,0,28,26.41666667
383,719,1225,153,6.13,0,0,0,28,7.9
393,792,1050,165,5.5,0,0,0,28,49.6
225,763,1097,165,7.5,150,0,0,28,35.1
234,834,1106,165,3.9,41,0,0,28,28.4
252,880,1033,168,4.2,48,0,0,28,32.8
293,881,1036,168,4.1,0,0,0,28,35.5
257,880,1033,166,4.5,45,0,0,28,33
276,853,1042,168,5,60,0,0,28,36.6
323,859,1050,168,4.8,0,0,0,28,39.2
293,863,1012,168,5.4,64,0,0,28,35.5
343,869,1020,169,5.1,0,0,0,28,41.8
313,818,1040,168,6,60,0,0,28,42.1
370,837,1023,170,5.9,0,0,0,28,44.3
321,865,976,168,7,70,0,0,28,42.7
378,852,1000,170,6.8,0,0,0,28,48.8
317,870,980,168,6.5,65,0,0,28,41.8
365,877,990,168,6.2,0,0,0,28,44
325,851,999,168,6.5,57,0,0,28,44.8
373,855,1004,168,6.3,0,0,0,28,42.9
376,791,1048,165,8,70,0,0,28,50.8
423,801,1061,165,7.6,0,0,0,28,52
385,822,1005,165,8.2,73,0,0,28,51.7
434,833,1018,165,7.8,0,0,0,28,52.1
340,806,1026,168,6.8,60,0,0,28,46.8
391,829,1012,168,6.6,0,0,0,28,48.2
463,901,901,185,6.5,0,32.4,0,28,35.9
500,883,883,185,7,0,35,0,28,40.4
450,785,785,180,5.4,0,27,0,28,36.8
420,796,795,189,5.04,0,16.8,0,28,34.5
295,861,970,171,5.97,103,0,0,28,46.35
295,861,970,171,5.97,103,0,0,28,46.35
338,864,975,163,5.17,60,0,0,28,50.85
296,776,1116,160,3.83,52,0,0,28,45.35
280,838,1067,165,3.96,50,0,0,28,40.45
269,862,1053,168,3.804,48,0,0,28,33.5
238,937,1015,168,3.36,42,0,0,28,28.75
350,784,1039,165,5.36,62,0,0,28,51.65
357,725,1087,168,6.3,63,0,0,28,55.45
494,737,1061,158,7.41,0,0,0,28,68.05
480,706,1059,158,7.91,47,0,0,28,72.1
318,861,970,171,5.17,80,0,0,28,46.35
214,917,1033,165,3.42,71,0,0,28,26.4
267,903,1019,164,3.768,47,0,0,28,34.15
450,840,840,171,0,0,27,0,28,32.65
470,826,826,178,0,0,28.2,0,28,35.85
293,871,1023,162,4.128,52,0,0,28,34.2
300,863,974,163,5.6,100,0,0,28,43.7
323,855,1003,162,4.94,57,0,0,28,39.8
298,860,970,172,5.97,100,0,0,28,43.75
340,826,1009,165,5.2,60,0,0,28,43.7
357,823,1047,160,5.46,63,0,0,28,57
311,816,997,172,6.225,104,0,0,28,48
483,742,1067,162,7.245,0,0,0,28,74.25
194,869,1063,179,3.11,65,0,0,28,21.85
214,868,1062,185,3.42,71,0,0,28,28.2
260,837,1066,172,3.9,65,0,0,28,34.3
301,798,1057,169,4.51,75,0,0,28,40.15
330,768,1061,169,4.94,82,0,0,28,44.85
354,743,1070,164,5.32,89,0,0,28,50.9
314,790,1048,169,4.72,79,0,0,28,40.9
346,759,1049,169,5.2,87,0,0,28,43.9
322,783,1038,177,6.03,80,0,0,28,40.85
418,838,838,205,2.93,0,29.26,0,28,28.7
455,798,798,250,0,0,31.85,0,28,27.7
466,814,814,205,3.26,0,32.62,0,28,35.7
480,790,790,240,0,0,33.6,0,28,35
294,802,1062,169,4.4,73,0,0,28,40.5
322,772,1067,169,4.82,80,0,0,28,45
346,748,1076,164,6.05,86,0,0,28,50.95
307,794,1053,169,4.61,77,0,0,28,42.05
338,764,1055,169,5.06,84,0,0,28,45.65
314,787,1043,177,5.9,79,0,0,28,40.7
440,820,820,220,0,0,30.8,0,28,28.1
489,796,796,220,0,0,34.23,0,28,34.5
301,798,1057,169,4.51,75,0,0,28,38.6
322,819,1002,177,6.03,80,0,0,28,40
194,765,1147,179,3.37,65,0,0,28,22.85
221,854,1044,177,3.54,74,0,0,28,27.9
260,833,1060,172,3.9,65,0,0,28,34.15
334,768,1061,169,5.23,68,0,0,28,44.4
359,745,1073,169,6.5,74,0,0,28,49.7
307,794,1053,169,4.61,77,0,0,28,41.35
350,760,1049,169,5.49,72,0,0,28,47.25
314,825,1009,173,5.9,79,0,0,28,39.65
301,816,1039,169,4.51,75,0,0,28,39.15
334,786,1043,169,5.23,68,0,0,28,44.1
351,751,1081,165,6.34,72,0,0,28,49.45
197,859,1049,179,3.42,66,0,0,28,22.7
221,854,1044,177,3.54,74,0,0,28,27.55
260,700,1193,172,3.9,65,0,0,28,34.2
494,683,1115,158,7.41,0,0,0,28,63
470,693,1130,157,7.05,0,0,0,28,61.6
352,803,981,176,6.6,88,0,0,28,46.25
331,815,997,174,6.21,83,0,0,28,44.15
353,715,1072,172,5.733,88,0,0,28,44.95
386,729,1049,168,5.902,68,0,0,28,49.3
305,816,1039,164,4.953,76,0,0,28,43.05
262,790,1092,168,4.55,88,0,0,28,36.9
247,838,1064,168,4.277,82,0,0,28,34.2
346,807,987,173,6.495,87,0,0,28,46.3
328,818,1000,172,6.15,82,0,0,28,53.7
367,749,1034,170,6.258,80,0,0,28,47.4
336,761,1051,168,5.46,84,0,0,28,47.5
305,816,1039,164,4.953,76,0,0,28,48.85
491,719,1078,157,7.365,0,0,0,28,67.3
247,837,1066,168,3.948,82,0,0,28,39.95
206,890,1088,171,3.012,45,0,0,28,28.4
245,1510,0,290,0,0,0,0,28,9.8
275,1510,0,285,0,0,0,0,28,13.7
315,1510,0,280,0,0,0,0,28,19.7
343,814,1035,163,5.852,75,0,0,28,51.5
303,821,1046,163,5.18,67,0,0,28,42.1
199,893,1049,175,2.92,44,0,0,28,17.9
497,753,1041,159,7.455,0,0,0,28,62.8
481.8181818,742,1067,159,7.215,0,0,0,28,66.55
365,786,1042,163,6.006,64,0,0,28,50
491,717,1075,157,7.365,50,0,0,28,60.8
491,735,1057,157,7.365,0,0,0,28,61
305,798,1057,164,4.953,76,0,0,28,44.9
328,782,1036,172,6.15,82,0,0,28,44.41666667
354,748,1032,177,6.645,89,0,0,28,47.83333333
383,739,1063,167,5.863,68,0,0,28,51.43333333
344,809,989,172,6.45,86,0,0,28,46.88333333
328,818,1000,172,6.15,82,0,0,28,41.1
328,836,982,172,5.74,82,0,0,28,45.93333333
298,874,985,168,5.222,75,0,0,28,41.35
347,822,966,178,6.51,87,0,0,28,45.75
330,835,980,173,6.18,82,0,0,28,41.96666667
285,862,1011,171,4.628,71,0,0,28,36.15
265,892,1005,172,4.303,66,0,0,28,30.21666667
238,924,1002,176,3.874,60,0,0,28,25.41666667
226,935,1012,170,3.679,57,0,0,28,17.98333333
350,819,1002,171,6.132,88,0,0,28,49.73333333
494,713,1071,163,7.41,0,0,0,28,61
346,807,1027,164,6.048,86,0,0,28,49.7
318,828,1011,163,5.575,80,0,0,28,44.78333333
289,865,1015,159,5.054,72,0,0,28,40.3
357,746,1073,165,5.798,89,0,0,28,49.56666667
356,819,1000,166,6.23,89,0,0,28,49.48333333
497,696,1088,159,7.455,0,0,0,28,59.46666667
252,936,975,172,3.267,45,0,0,28,21.05
263,911,987,173,3.708,46,0,0,28,24.65
283,873,1024,170,4.329,50,0,0,28,32.7
308,859,1009,170,4.344,54,0,0,28,34.95
328,867,977,170,5.404,58,0,0,28,43.8
354,850,958,175,6.255,63,0,0,28,44.9
348,859,969,172,5.74,62,0,0,28,45.25
374,866,938,176,6.16,66,0,0,28,45.15
385,790,1005,172,6.342,68,0,0,28,49.75
400,869,979,172,6,0,0,0,28,45.4
491,715,1072,162,6.383,0,0,0,28,61.95
358,795,1054,160,5.473,63,0,0,28,53.6
361,830,975,170,5.525,64,0,0,28,46.1
351,812,1034,161,5.369,62,0,0,28,44.65
340,841,987,172,5.6,60,0,0,28,43.95
324,853,1002,164,5.334,57,0,0,28,41.75
293,871,1022,162,4.83,52,0,0,28,35.15
251,885,1038,162,4.13,44,0,0,28,32.05
231,886,1039,163,3.536,41,0,0,28,26.45
207,898,1054,165,2.916,36,0,0,28,22.9
355,795,1054,163,5.434,63,0,0,28,50.55
322,836,1022,163,5.306,57,0,0,28,40.15
257,862,1053,163,4.228,45,0,0,28,29.2
365,850,998,163,5.577,64,0,0,28,53.15
497,772,1007,164,7.455,60,0,0,28,64.55
236,927,1004,174,2.95,59,0,0,28,23.9
259,855,1046,175,3.24,65,0,0,28,30.1
285,842,1028,174,3.56,71,0,0,28,35.2
317,823,1007,174,3.95,79,0,0,28,39.8
331,814,994,178,0.05796,83,0,0,28,39.3
371,810,991,168,4.741,60,0,0,28,45.7
340,816,998,166,4.62,80,0,0,28,45.8
391,803,982,166,5.388,58,0,0,28,50.2
222,846,1035,161,3.938,136,0,0,28,38.5
395,782,996,168,5.448,59,0,0,28,51.3
328,813,954,164,7.035,141,0,0,28,50.3
491,775,1027,157,7.37,0,0,0,28,60.5
491,811,991,157,7.86,0,0,0,28,63.8
390,650,1208,152,4.68,0,0,0,28,5.6
250,1638,0,230,0,0,0,0,28,12.1
310,1638,0,250,0,0,0,0,28,15.4
581,1229,0,310,0,0,0,0,28,30.3
840,993,0,365,0,0,0,0,28,41.3
454,839,839,218,0,0,27.24,0,28,29.6
489,823,823,215,0,0,24.45,0,28,35.1
368,794,1011,167,6.42,60,0,0,28,48.31
339,793,1009,174,4.2,85,0,0,28,53
305,818,1041,160,3.8,76,0,0,28,56.3
270,1630,0,270,0,0,0,0,28,12.2
315,1630,0,285,0,0,0,0,28,18.4
400,1630,0,290,0,0,0,0,28,27.1
251,858,1048,160,3.1,63,0,0,28,45.4
216,860,1052,160,3.1,92,0,0,28,40.2
246,822,1091,160,3.1,62,0,0,28,44.5
213,827,1052,167,3,91,0,0,28,38.7
211,844,1074,160,3,91,0,0,28,53.2
324,837,1022,160,3.8,57,0,0,28,58.8
316,822,1046,160,3.7,56,0,0,28,53.1
300,828,1012,160,4,100,0,0,28,48.7
358,800,1020,160,5.1,63,0,0,28,53.7
958,958,0,384,7.7,0,0,0,28,71.7
650,1630,0,310,0,0,0,0,28,43.9
439,685,1118,158,4.39,0,0,0,28,60.1
444,682,1114,160,4.44,0,0,0,28,59
369,787,1043,165,5.21,65,0,0,28,61.4
367,771,1067,160,5.19,65,0,0,28,65.6
421,736,1060,150,6.29,48,0,15,28,76.3
435,746,1030,155,6.5,50,0,15,28,69.9
210,858,1137,158,2.47,37,0,0,28,23.8
244,909,1066,158,3.44,43,0,0,28,28.6
269,810,1166,158,3.48,47,0,0,28,36.4
477,798,865,210,4.77,0,33.4,0,28,37.7
335,782,1125,158,4.62,50,0,0,28,42
330,782,1081,165,5.23,72,0,0,28,41.6
362,769,1107,158,5.41,54,0,0,28,46.3
488,756,888,210,3.9,0,34.12,0,28,42.6
277,881,993,180,5.19,69,0,0,28,34.65
253,895,1010,180,4.74,63,0,0,28,28.55
395,881,954,170,5.925,0,0,0,28,41.45
257,883,1080,180,3.341,0,0,0,28,25.1
275,878,1074,173,3.85,0,0,0,28,30.9
330,819,1086,165,4.95,0,0,0,28,36.85
360,789,1089,162,5.4,0,0,0,28,42.65
373,871,944,170,8.3,42,0,0,28,43.25
251,924,1002,195,5.58,28,0,0,28,24.85
270,902,1018,180,6,30,0,0,28,30.95
315,863,1012,175,7,35,0,0,28,35.7
354,829,1013,165,7.86,39,0,0,28,44.35
373,871,944,170,8.3,42,0,0,28,42.25
251,924,1002,195,5.58,28,0,0,28,23.15
270,902,1018,180,6,30,0,0,28,29.75
315,863,1012,175,7,35,0,0,28,34.55
354,829,1013,165,7.86,39,0,0,28,41.15
373,871,944,170,8.3,42,0,0,28,41.15
251,924,1002,195,5.58,28,0,0,28,23.3
270,902,1018,180,6,30,0,0,28,29.75
315,863,1012,175,7,35,0,0,28,34.85
354,829,1013,165,7.86,39,0,0,28,41.6
373,871,944,170,8.3,42,0,0,28,43.3
251,924,1002,195,5.58,28,0,0,28,24.1
270,902,1018,180,6,30,0,0,28,30.45
315,863,1012,175,7,35,0,0,28,37.1
354,829,1013,165,7.86,39,0,0,28,43.25
315,863,1012,175,7,35,0,0,28,37.1
354,829,1013,165,7.86,39,0,0,28,43.25
251,924,1002,195,12.555,28,0,0,28,23.05
424,743,1026,160,8.478,47,0,0,28,52.8
369,838,984,168,12.3,41,0,0,28,41.8
497,702,1097,154,8.946,0,0,0,28,64.5
528,791,791,190,5.28,0,31.68,0,28,33.95
475,772,1023,155,6,0,0,25,28,67.15
460,778,1032,155,5.82,0,0,25,28,67.9
470,773,1024,158,5.94,0,0,25,28,69.9
340,848,957,170,5.1,85,0,0,28,43.25
206,980,980,165,2.75,69,0,0,28,22.55
225,968,967,165,3,75,0,0,28,28
257,895,1010,165,3.3,73,0,0,28,33.95
276,882,994,170,3.54,78,0,0,28,38.85
366,861,933,170,4.36,70,0,0,28,43.9
424,759,1005,165,5.65,47,0,0,28,51.95
462,761,1009,161,6.23,57,0,0,28,62.3
234,980,980,165,2.75,41,0,0,28,22.85
276,921,997,165,3.17,41,0,0,28,28.65
303,873,1025,165,3.37,34,0,0,28,34.6
337,837,1023,165,3.75,38,0,0,28,40
392,825,969,170,4.36,44,0,0,28,44.5
401,823,966,165,5.35,45,0,0,28,49.65
478,783,1037,153,5.74,0,0,0,28,62.15
340,848,957,170,5.1,85,0,0,28,43.5
276,882,994,170,3.54,78,0,0,28,39.1
389,764,1014,165,5.5,69,0,0,28,50
206,980,980,165,2.75,69,0,0,28,25
257,895,1011,165,3.3,73,0,0,28,34.9
358,820,963,170,5.81,89,0,0,28,46.7
235,890,1045,165,3,65,0,0,28,25.4
395,781,1036,157,5.71,62,0,19,28,60.9
409,761,1051,151,5.84,54,0,24,28,66.4
391,759,996,156,6.85,78,0,20,28,72.5
391,758,996,156,6.36,78,0,20,28,72.6
416,776,1029,156,6.36,73,0,0,28,63.8
489,776,1029,156,6.846,0,0,0,28,61.2
440,776,1029,156,6.85,49,0,0,28,60.4
208,893,1091,156,3.12,52,0,0,28,25.05
232,878,1072,160,3.48,58,0,0,28,29.65
256,864,1056,160,3.84,64,0,0,28,37.75
308,883,959,173,5.39,77,0,0,28,43.2
306,880,992,168,4.32,54,0,0,28,42.7
216,789,1089,162,5.04,144,0,0,28,38.9
351,774,1068,168,5.46,39,0,0,28,47.7
445,757,1046,152,8.91,50,0,0,28,67.2
382,802,1064,159,7.65,43,0,0,28,56.05
382,784,1082,159,7.65,43,0,0,28,56.05
480,800,1018,152,8.64,0,0,0,28,66.05
520,770,1063,147,9.36,0,0,0,28,69.05
330,869,942,159,7.31,100,0,0,28,49
352,806,342,168,7.2,48,0,0,28,48.3
206,843,372.3333333,165,4.12,69,0,0,28,31.45
225,832,367.6666667,165,4.5,75,0,0,28,37.2
264,781,374.6666667,165,4.95,66,0,0,28,40.6
307,725,379.3333333,165,5.62,68,0,0,28,49.1
363,730,381.3333333,165,7.42,49,0,0,28,48.7
401,717,374,165,8.03,45,0,0,28,54
201,942,1020,166,4.08,71,0,0,28,29
250,913,1029,174,5.02,84,0,0,28,36.45
292,863,1054,168,5.48,73,0,0,28,45.25
321,851,1040,168,7.04,70,0,0,28,45.45
359,797,1057,164,7.78,73,0,0,28,50.6
405,803,1022,170,7.29,0,0,0,28,39.5
379,743,1115,163,5.685,0,0,0,28,38.6
321,802,1107,170,4.815,0,0,0,28,28.2
395,807,1028,170,7.11,0,0,0,28,39.7
366,787,1086,161,5.856,0,0,0,28,39.5
318,839,1068,175,4.77,0,0,0,28,28
436,700,1094,170,7.85,0,0,0,28,51.15
344,757,1134,165,6.19,0,0,0,28,42.65
275,843,1117,165,4.95,0,0,0,28,40.95
316,807,1028,170,5.925,79,0,0,28,41.7
316,742,1113,150,5.925,79,0,0,28,47.15
346,688,1123,156,6.495,87,0,0,28,51.9
395,742,1113,150,5.925,0,0,0,28,48.15
433,688,1123,156,6.495,0,0,0,28,53.9
362,750,1125,163,5.43,0,0,0,28,41.3
254,872,1109,165,4.57,0,0,0,28,33.3
344,756,1135,165,6.19,0,0,0,28,42.65
436,700,1094,170,7.85,0,0,0,28,51.15
427,710,1158,155,7.69,0,0,0,28,55.2
395,738,1107,160,7.11,0,0,0,28,52.55
380,777,1073,170,6.84,0,0,0,28,44.65
366,750,1124,160,5.5,0,0,0,28,48.5
385,864,974,177,6.93,0,0,0,28,44.65
377,817,1040,166,5.66,0,0,0,28,40.4
391,827,1010,172,7.04,0,0,0,28,44.5
391,827,1010,172,7.04,0,0,0,28,47.3
385,864,974,177,6.93,0,0,0,28,42.05
327,875,1028,170,4.58,0,0,0,28,33.6
344,870,1021,165,5.16,0,0,0,28,35.85
377,817,1040,166,5.66,0,0,0,28,42.9
398,809,1030,163,6.37,0,0,0,28,45.35
297,925,1003,175,3.86,0,0,0,28,27.3
398,756,1067,159,6.37,0,0,0,28,51.8
377,782,1079,162,5.66,0,0,0,28,48.35
304,847,1079,170,4.25,0,0,0,28,35.2
338,828,1011,163,7.16,60,0,0,28,42.35
426,718,1124,162,7.24,0,0,0,28,58.4
372,714,1116,162,7.45,66,0,0,28,57.7
322,836,1022,163,6.82,57,0,0,28,53
330,795,1054,163,6.21,58,0,0,28,49.85
300,818,1042,165,5.63,75,0,0,28,49.15
319,818,1042,165,5.63,56,0,0,28,48.65
286,864,1014,165,5.06,51,0,0,28,46.1
273,864,1015,170,4.49,48,0,0,28,39.65
249,890,1004,173,3.81,44,0,0,28,36.05
225,821,1105,158,4.512,151,0,0,7,29.5
377,785,1084,160,5.652,195,0,0,7,43.2
382,731,1144,148,8.586,95,0,0,7,52.1
394,725,1134,148,8.874,99,0,0,7,53.1
382,740,1110,168,5.73,0,0,0,7,38.4
400,733,1099,168,6,0,0,0,7,42.5
345,757,1136,162,5.175,0,0,0,7,35.2
314,770,1156,160,4.71,0,0,0,7,30.5
300,774,1161,165,4.2,0,0,0,7,26.8
274,762,1144,170,2.466,0,0,0,7,22.5
384,776,1072,168,5.76,0,0,0,7,40.3
400,753,1129,168,6,0,0,0,7,45.6
260,810,1030,162,5.6,140,0,0,7,23.9
384,776,1072,168,5.76,0,0,0,7,40.3
400,753,1129,168,6,0,0,0,7,45.6
382,740,1110,168,5.73,0,0,0,7,35
400,733,1099,168,6,0,0,0,7,37.6
345,757,1136,162,4.14,0,0,0,7,34.2
314,770,1156,160,3.768,0,0,0,7,28.8
300,774,1161,165,3.6,0,0,0,7,23.5
278,779,1168,175,3.336,0,0,0,7,19.6
391,736,1105,168,5.865,0,0,0,7,38.4
400,753,1129,168,6,0,0,0,7,43.6
484,722,1084,160,7.26,0,0,0,7,56
391,736,1105,168,5.865,0,0,0,7,38.4
400,753,1129,168,6,0,0,0,7,43.6
382,740,1110,168,5.73,0,0,0,7,35.3
400,733,1099,168,6,0,0,0,7,38
345,757,1136,162,4.14,0,0,0,7,33.8
314,770,1156,160,3.768,0,0,0,7,29.1
300,774,1161,165,3.6,0,0,0,7,23.3
278,759,1138,175,3.336,0,0,0,7,19.8
391,736,1105,168,5.865,0,0,0,7,38.5
400,753,1129,168,6,0,0,0,7,43.3
484,722,1084,160,7.26,0,0,0,7,55.7
391,736,1105,168,5.865,0,0,0,7,38.5
400,753,1129,168,6,0,0,0,7,43.3
382,759,1091,168,5.73,0,0,0,7,34.6
400,751,1081,168,6,0,0,0,7,38.2
345,776,1117,162,4.14,0,0,0,7,33.8
314,790,1136,160,3.768,0,0,0,7,28.4
300,793,1142,165,3.6,0,0,0,7,23.2
278,816,1081,175,3.336,0,0,0,7,19.8
391,755,1086,168,5.865,0,0,0,7,38
400,772,1110,168,6,0,0,0,7,43.4
484,722,1084,160,7.26,0,0,0,7,56
391,755,1086,168,5.865,0,0,0,7,38
400,772,1110,168,6,0,0,0,7,43.4
382,759,1091,168,5.73,0,0,0,7,35.5
400,751,1081,168,6,0,0,0,7,38.1
345,776,1117,162,4.14,0,0,0,7,34.1
314,790,1136,160,3.768,0,0,0,7,28.4
300,793,1142,165,3.6,0,0,0,7,23.8
278,816,1081,175,3.336,0,0,0,7,19.5
391,755,1086,168,5.865,0,0,0,7,37.8
400,772,1110,168,6,0,0,0,7,43.1
484,722,1084,160,7.26,0,0,0,7,56.1
391,755,1086,168,5.865,0,0,0,7,37.8
400,772,1110,168,6,0,0,0,7,43.1
382,759,1091,168,5.73,0,0,0,7,34.6
400,751,1081,168,6,0,0,0,7,38
345,776,1117,162,4.14,0,0,0,7,34.5
314,790,1136,160,3.768,0,0,0,7,28.4
300,793,1142,165,3.6,0,0,0,7,23
278,816,1081,175,3.336,0,0,0,7,19.3
391,755,1086,168,5.865,0,0,0,7,37.6
400,772,1110,168,6,0,0,0,7,43
484,722,1084,160,7.26,0,0,0,7,56
391,755,1086,168,5.865,0,0,0,7,37.6
400,772,1110,168,6,0,0,0,7,43
240,1580,0,230,0,0,0,0,7,8.5
280,1580,0,230,0,0,0,0,7,11.6
340,1580,0,240,0,0,0,0,7,14.6
420,1580,0,250,0,0,0,0,7,19.8
915,915,0,388,0,0,0,0,7,31.5
240,1580,0,230,0,0,0,0,7,9.1
280,1580,0,230,0,0,0,0,7,11.7
340,1580,0,240,0,0,0,0,7,14.8
420,1580,0,250,0,0,0,0,7,18.9
915,915,0,388,0,0,0,0,7,30.8
240,1580,0,230,0,0,0,0,7,8.8
280,1580,0,230,0,0,0,0,7,12.2
340,1580,0,240,0,0,0,0,7,14.7
420,1580,0,250,0,0,0,0,7,17.9
915,915,0,388,0,0,0,0,7,30.1
380,851,998,171,4.13,0,0,0,7,36.7
360,750,1125,166,4.32,0,0,0,7,35.8
260,869,1107,164,2.6,0,0,0,7,24.1
289,817,1132,165,3.179,0,0,0,7,27.7
324,766,1148,162,3.89,0,0,0,7,33.3
390,833,1017,160,4.18,0,0,0,7,43.1
410,802,1020,168,4.51,0,0,0,7,48.2
455,802,802,241,22.75,0,0,0,7,25.6
482,786,786,246,24.1,0,0,0,7,29.4
410,802,1020,168,4.51,0,0,0,7,49.3
390,833,1017,160,4.18,0,0,0,7,39.7
390,796,1054,160,4.18,0,0,0,7,40.1
410,802,1020,168,4.51,0,0,0,7,49.3
390,851,999,160,4.18,0,0,0,7,41.7
390,851,999,160,4.18,0,0,0,7,40.8
289,817,1132,162,2.89,0,0,0,7,29.5
360,788,1087,165,4.68,0,0,0,7,36.6
380,851,998,171,4.94,0,0,0,7,36.5
360,788,1087,165,3.96,0,0,0,7,38.4
380,851,998,171,5.32,0,0,0,7,37.1
482,786,786,246,38.56,0,0,0,7,28.6
455,802,802,241,36.4,0,0,0,7,25.7
380,851,998,171,5.32,0,0,0,7,41.1
410,802,1020,168,4.92,0,0,0,7,45.4
222,788,1088,155,4.797,147,0,0,7,38
471,660,1124,165,7.065,0,0,0,7,46.3
488,740,1064,158,7.32,0,0,0,7,49.7
482,786,786,246,38.56,0,0,0,7,27.4
455,802,802,241,36.4,0,0,0,7,23.7
410,802,1020,168,4.92,0,0,0,7,47.2
380,851,998,171,5.32,0,0,0,7,38.8
289,817,1132,162,2.89,0,0,0,7,26.4
360,788,1087,165,4.32,0,0,0,7,35.8
260,869,1107,164,2.6,0,0,0,7,23.2
249,738,1107,170,7.06,166,0,0,7,36
390,851,999,160,4.18,0,0,0,7,38.4
324,766,1148,162,3.89,0,0,0,7,28.2
530,670,1090,160,8.48,0,0,0,7,54.6
410,838,1024,168,4.51,0,0,0,7,48.9
482,786,786,246,38.56,0,0,0,7,24.6
455,802,802,241,36.4,0,0,0,7,18.9
530,670,1090,160,8.48,0,0,0,7,53.8
380,851,998,171,5.32,0,0,0,7,32.8
360,788,1087,165,4.32,0,0,0,7,32.4
324,766,1148,162,3.89,0,0,0,7,27.8
289,817,1132,162,2.89,0,0,0,7,22.6
260,869,1107,164,2.6,0,0,0,7,17.1
287,750,1080,165,5.87,148,0,0,7,30.8
390,851,999,160,4.18,0,0,0,7,35.8
410,838,1024,168,4.51,0,0,0,7,40.4
490,740,1064,158,8.82,0,0,0,7,57.8
490,740,1064,158,8.82,0,0,0,7,56.6
490,684,1020,160,7.35,0,0,0,7,55.6
530,670,1088,165,7.95,0,0,0,7,56.7
490,684,1020,160,7.35,0,0,0,7,55.3
530,670,1088,165,7.95,0,0,0,7,57.3
324,766,1148,162,3.89,0,0,0,7,41.1
289,817,1129,165,3.18,0,0,0,7,32.4
360,750,1125,165,4.32,0,0,0,7,39.3
380,851,998,171,5.7,0,0,0,7,40
277,869,1107,164,2.6,0,0,0,7,25.7
455,802,802,241,22.75,0,0,0,7,22.8
482,786,786,246,28.2,0,0,0,7,28.2
390,832,1017,160,4.29,0,0,0,7,47.9
410,801,1020,168,4.51,0,0,0,7,46.6
380,849,996,175,5.32,0,0,0,7,42.2
355,805,1066,174,4.26,0,0,0,7,38.1
320,858,1049,173,3.84,0,0,0,7,33.2
280,876,1070,174,3.36,0,0,0,7,28.2
252,928,1046,174,3.02,0,0,0,7,22.7
360,859,1008,173,4.32,0,0,0,7,42.8
410,785,1041,164,5.74,0,0,0,7,46.9
252,925,1044,179,2.52,0,0,0,7,19.7
280,873,1068,179,2.8,0,0,0,7,23.9
320,858,1049,173,3.84,0,0,0,7,30.6
355,805,1066,174,4.26,0,0,0,7,38.2
380,849,996,175,5.32,0,0,0,7,39.7
360,840,1027,173,4.32,0,0,0,7,38.9
410,785,1041,164,6.15,0,0,0,7,45.3
435,774,1026,165,6.09,0,0,0,7,43.6
495,737,1060,158,6.93,0,0,0,7,53.8
456,806,806,232,31.92,0,0,0,7,23.6
482,791,791,236,33.74,0,0,0,7,28.6
455,804,804,237,22.75,0,0,0,7,23.8
482,789,789,240,24.1,0,0,0,7,30.2
385,725,1184,156,5.78,0,0,0,7,5.7
370,731,1193,156,5.29,0,0,0,7,5.6
345,761,1189,155,4.485,0,0,0,7,4.9
400,850,1040,160,5.2,0,0,0,7,37.1
213,918,1122,147,2.77,0,0,0,7,15.5
280,888,1084,147,3.64,0,0,0,7,26.4
410,787,1043,160,5.33,0,0,0,7,4.3
280,900,1100,150,3.64,0,0,0,7,25.1
320,892,1091,147,4.16,0,0,0,7,33.3
280,880,1120,150,3.64,0,0,0,7,28.1
345,834,1117,145,4.48,0,0,0,7,41.7
250,860,1140,143,3.25,0,0,0,7,21.3
390,857,1048,156,4.68,0,0,0,7,38.2
374,1710,0,278,0,0,0,0,7,20.8
320,1710,0,275,0,0,0,0,7,15.7
916,916,0,317,11,0,0,0,7,31.1
269,1710,0,267,0,0,0,0,7,5.3
340,1710,0,271,0,0,0,0,7,11.2
305,1710,0,269,0,0,0,0,7,7.7
628,1016,0,302,5,0,0,0,7,20.2
380,790,1047,167,5.7,0,0,0,7,31.4
413,726,1090,165,6.2,0,0,0,7,40.9
393,775,1071,165,5.9,0,0,0,7,35.7
302,882,1035,166,3.02,0,0,0,7,17.1
319,865,1055,166,3.83,0,0,0,7,21.8
341,835,1063,167,4.09,0,0,0,7,26.5
365,805,1068,168,4.09,0,0,0,7,30.7
360,807,1070,169,4.32,0,0,0,7,30.5
376,786,1086,158,4.89,0,0,0,7,36
317,866,1058,165,3.8,0,0,0,7,21.3
386,780,1076,162,4.63,0,0,0,7,36.2
476,688,1077,162,7.14,0,0,0,7,51.5
252,931,1050,164,2.52,0,0,0,7,12.4
457,937,751,215,27.42,0,0,0,7,27.4
307,808,1070,215,0,0,0,0,7,21.8
307,808,1070,215,0,0,0,0,7,22
234,858,1091,176,6.05,41,0,0,7,16.9
249,850,1081,176,6.45,44,0,0,7,18.9
287,830,1056,176,7.44,51,0,0,7,26.7
332,807,1026,176,8.99,59,0,0,7,32.5
340,843,1031,176,9.2,60,0,0,7,33.5
249,846,1211,184,5.478,0,0,0,7,18.5
275,835,1106,184,6.05,0,0,0,7,22.9
320,819,1085,176,7.04,0,0,0,7,28.5
359,802,1063,176,8.257,0,0,0,7,33.7
391,866,1017,176,8.993,0,0,0,7,34.5
214,861,1141,184,4.708,0,0,0,7,12.2
354,801,1061,184,7.788,0,0,0,7,23.2
479,743,1070,158,13.891,0,0,0,7,52.2
354,760,1093,158,12.731,0,0,0,7,42.5
431,725,1184,110,12.499,0,0,0,7,5.01
280,864,1100,156,2.5,0,0,0,7,16
380,837,1023,160,5.7,0,0,0,7,33.9
330,843,1072,155,3.96,0,0,0,7,27.7
300,853,1087,160,3,0,0,0,7,22
360,832,1058,150,4.68,0,0,0,7,34.5
395,794,1053,158,6.32,0,0,0,7,37.3
230,1607,0,243,0,0,0,0,7,8.8
260,1609,0,250,0,0,0,0,7,14.4
280,887,1042,171,1.54,0,0,0,7,18.1
323,859,1050,168,2.1,0,0,0,7,24.6
350,856,1046,168,2.625,0,0,0,7,28.3
384,845,1032,169,3.456,0,0,0,7,33.4
384,845,1032,169,3.456,0,0,0,7,33.4
383,859,1008,180,3.447,0,0,0,7,32.8
431,773,1068,168,4.31,0,0,0,7,44.2
431,773,1068,168,4.31,0,0,0,7,43.6
475,711,1112,152,5.7,0,0,0,7,54.9
230,988,987,145,2.3,0,0,0,7,19.8
260,938,1006,156,3.12,0,0,0,7,24.2
300,884,1037,159,3.6,0,0,0,7,25.2
340,869,1020,170,4.08,0,0,0,7,32.2
360,883,995,162,5.4,0,0,0,7,30.9
380,770,1108,152,4.94,0,0,0,7,34.2
400,760,1094,156,6,0,0,0,7,41.2
400,760,1094,156,6,0,0,0,7,42.1
480,699,1093,158,7.2,0,0,0,7,51.4
470,877,809,214,6.5,22.5,0,0,7,11
490,884,816,220,6.7,23,0,0,7,11
247,894,1051,158,3.71,0,0,0,7,21
267,885,1038,160,4.01,0,0,0,7,22.1
300,845,1076,159,4.5,0,0,0,7,27.2
340,832,1058,170,4.76,0,0,0,7,32.4
360,808,1070,162,6.48,0,0,0,7,36.9
380,771,1121,138,5.32,0,0,0,7,35.8
400,760,1094,156,6.8,0,0,0,7,49.5
400,760,1094,156,7.2,0,0,0,7,50.1
490,816,884,220,4.9,23,0,0,7,12.3
470,809,877,214,5.17,22.5,0,0,7,10.2
480,767,1059,144,7.68,0,0,0,7,48.8
460,778,1074,138,7.38,0,0,0,7,52.6
292,898,1055,175,3.212,0,0,0,7,20.9
314,880,1076,160,4.71,0,0,0,7,28.7
360,802,1107,151,5.4,0,0,0,7,38.1
390,842,1028,160,6.24,0,0,0,7,38.5
388,788,1089,155,5.82,0,0,0,7,42.6
415,792,1051,162,6.22,0,0,0,7,42.3
433,751,1080,156,6.93,0,0,0,7,48.1
277,883,1080,180,2.77,0,0,0,7,19.1
286,818,1041,160,5.72,95,0,0,7,38.5
292,898,1055,175,3.212,0,0,0,7,21.3
314,880,1076,160,4.71,0,0,0,7,28.6
360,802,1107,151,5.4,0,0,0,7,38.9
390,842,1028,160,6.24,0,0,0,7,38.8
388,788,1089,155,5.82,0,0,0,7,42.6
415,792,1051,162,6.22,0,0,0,7,43.9
277,883,1080,180,2.77,0,0,0,7,19.8
286,818,1041,160,5.72,95,0,0,7,38.7
433,751,1080,156,6.93,0,0,0,7,48.8
206,800,1106,160,5.14,137,0,0,7,23.4
255,776,1117,155,6.27,137,0,0,7,33.6
438,764,1056,162,7.01,0,0,0,7,45.9
438,764,1056,162,7.01,0,0,0,7,46.4
235,860,1095,160,0,0,0,0,7,15.9
250,854,1087,160,3,0,0,0,7,15.9
306,753,1129,170,3.672,0,0,0,7,28.4
359,716,1167,158,4.308,0,0,0,7,37.3
381,762,1097,160,4.953,0,0,0,7,38.1
372,747,1121,160,4.464,0,0,0,7,41.5
386,758,1090,166,4.632,0,0,0,7,40.4
420,743,1069,168,5.04,0,0,0,7,43.1
494,670,1141,158,7.904,0,0,0,7,59.8
330,742,1113,165,3.96,0,0,0,7,33.5
330,742,1113,165,3.96,0,0,0,7,33.5
235,860,1095,160,0,0,0,0,7,15.9
250,854,1087,160,3,0,0,0,7,20.1
306,753,1129,170,3.672,0,0,0,7,28.1
359,716,1167,158,4.308,0,0,0,7,37.3
381,762,1097,160,4.953,0,0,0,7,37.8
372,747,1121,160,4.464,0,0,0,7,41.2
386,758,1090,166,4.632,0,0,0,7,40.8
420,743,1069,168,5.04,0,0,0,7,42.8
494,670,1141,158,7.904,0,0,0,7,58.7
330,742,1113,165,3.96,0,0,0,7,33.5
235,860,1095,160,0,0,0,0,7,15.8
250,854,1087,160,3,0,0,0,7,20.1
306,753,1129,170,3.672,0,0,0,7,28.4
359,716,1167,158,4.308,0,0,0,7,37.5
381,762,1097,160,4.953,0,0,0,7,38.6
372,747,1121,160,4.464,0,0,0,7,39.9
386,758,1090,166,4.632,0,0,0,7,40.8
420,743,1069,168,5.04,0,0,0,7,43.4
494,670,1141,158,7.904,0,0,0,7,59.9
485,687,1120,158,7.76,0,0,0,7,60.1
386,830,1014,170,4.63,0,0,0,7,43.4
362,806,1069,163,4.34,0,0,0,7,40.4
324,841,1070,165,3.89,0,0,0,7,35.4
298,828,1054,170,2.98,0,0,0,7,29.6
266,842,1072,170,2.66,0,0,0,7,23
397,813,1035,155,4.76,0,0,0,7,41.2
389,845,991,175,5.446,0,0,0,7,35.3
402,788,1046,165,5.628,0,0,0,7,39.7
278,837,1110,175,3.614,0,0,0,7,18.1
304,828,1398,170,3.952,0,0,0,7,23.9
324,817,1084,175,4.212,0,0,0,7,27.4
425,774,1029,170,5.95,0,0,0,7,44.5
386,793,1051,170,5.018,0,0,0,7,35.7
391,841,988,180,5.474,0,0,0,7,37.5
405,785,1040,170,5.67,0,0,0,7,39
494,663,1130,163,7.41,0,0,0,7,57.4
389,863,972,175,5.835,0,0,0,7,36.8
400,808,1028,164,5.2,0,0,0,7,42.4
421,800,1020,160,5.473,0,0,0,7,46.2
497,662,1127,164,7.455,0,0,0,7,56.7
382,814,1132,168,4.966,0,0,0,7,39.7
329,837,1066,168,3.948,0,0,0,7,30.8
304,847,1080,170,3.648,0,0,0,7,28
278,857,1090,175,3.336,0,0,0,7,25
491,667,1134,157,7.365,0,0,0,7,62.2
419,714,1116,151,5.028,0,0,0,7,56.3
405,718,1123,154,4.86,0,0,0,7,46.7
386,756,1088,170,4.632,0,0,0,7,44.7
376,729,1140,154,4.136,0,0,0,7,41.8
337,744,1164,155,3.37,0,0,0,7,39.2
302,776,1164,157,3.02,0,0,0,7,32.2
276,785,1129,160,2.76,0,0,0,7,27.4
491,721,1081,157,7.365,0,0,0,7,59.1
424,782,1037,157,5.512,0,0,0,7,47.3
302,835,1106,157,3.624,0,0,0,7,27.5
276,845,1120,160,3.312,0,0,0,7,21.6
337,820,1088,155,4.044,0,0,0,7,32.2
369,807,1069,155,4.428,0,0,0,7,38.6
386,830,1014,170,4.632,0,0,0,7,42.8
405,792,1049,154,5.265,0,0,0,7,45.9
485,686,1119,160,7.76,0,0,0,7,60.4
485,686,1119,160,7.275,0,0,0,7,61.2
422,686,1130,156,5.486,0,0,0,7,6.43
485,686,1119,160,7.275,0,0,0,7,59.3
485,704,1101,160,8.73,0,0,0,7,60.2
379,882,995,144,5.685,0,0,0,7,24.2
278,843,1118,161,3.336,0,0,0,7,21.7
310,829,1100,161,3.72,0,0,0,7,27
346,815,1080,159,4.152,0,0,0,7,33.2
383,798,1058,161,4.569,0,0,0,7,37.9
424,764,1056,157,5.512,0,0,0,7,47
271,825,1094,160,2.981,0,0,0,7,25.3
296,836,1108,160,3.552,0,0,0,7,30.9
330,840,1068,162,3.96,0,0,0,7,37.3
353,828,1053,166,4.236,0,0,0,7,32.1
382,814,1036,168,5.73,0,0,0,7,42
386,834,1060,170,5.018,0,0,0,7,41
479,823,823,225,38.32,0,0,0,7,30.4
382,740,1110,168,8.79,0,0,0,7,40.3
398,754,1131,167,9.15,0,0,0,7,44
388,834,1061,167,7.76,0,0,0,7,43.8
490,805,805,250,39.2,0,0,0,7,33.5
353,828,1053,166,6.35,0,0,0,7,38.4
331,820,1087,162,5.3,0,0,0,7,33.4
296,836,1108,160,4.14,0,0,0,7,27.1
271,825,1094,160,3.25,0,0,0,7,22.2
391,842,1029,168,7.82,0,0,0,7,38.4
388,847,1078,167,5.82,0,0,0,7,43.8
398,835,1020,167,5.97,0,0,0,7,44.3
428,814,1037,167,6.42,0,0,0,7,48.5
490,805,805,250,39.2,0,0,0,7,34.7
499,807,1028,166,6.74,0,0,0,7,48.3
361,824,1049,166,4.33,0,0,0,7,38.6
331,820,1087,162,3.97,0,0,0,7,33.6
296,836,1108,160,3.55,0,0,0,7,27.1
271,825,1094,160,3.25,0,0,0,7,22.1
494,663,1130,163,7.41,0,0,0,7,62.5
494,735,1058,163,7.41,0,0,0,7,59.4
451,806,1026,167,6.76,0,0,0,7,50.3
439,811,1033,167,6.58,0,0,0,7,48.6
407,825,1051,167,6.1,0,0,0,7,45.4
398,829,1056,167,5.97,0,0,0,7,43.4
391,810,1031,168,5.86,0,0,0,7,40.5
369,821,1044,166,4.43,0,0,0,7,38.6
338,817,1083,162,4.06,0,0,0,7,33.9
312,828,1098,162,3.74,0,0,0,7,26.8
284,819,1085,162,3.41,0,0,0,7,21.5
310,1588,0,270,0,0,0,0,7,7.8
360,1588,0,270,0,0,0,0,7,9.9
806,918,0,476,0,0,0,0,7,30.5
240,1605,0,221,0,0,0,0,7,9.5
280,1605,0,230,0,0,0,0,7,12
325,1605,0,244,0,0,0,0,7,15.8
402,1533,0,265,0,0,0,0,7,22.5
881,950,0,317,0,0,0,0,7,34.7
235,1712,0,257,0,0,0,0,7,8.8
258,1696,0,265,0,0,0,0,7,10.2
857,857,0,386,6,0,0,0,7,25.7
857,857,0,386,6.86,0,0,0,7,27.2
258,1598,0,268,0,0,0,0,7,7.7
284,1598,0,270,0,0,0,0,7,9.6
254,1708,0,270,0,0,0,0,7,11.3
280,1708,0,250,0,0,0,0,7,13.8
473,1708,0,300,0,0,0,0,7,33.1
250,1600,0,220,0,0,0,0,7,9.8
280,1600,0,220,0,0,0,0,7,11.9
338,1600,0,270,0,0,0,0,7,18
440,1600,0,295,0,0,0,0,7,23.5
704,1600,0,380,0,0,0,0,7,33.2
230,1600,0,190,0,0,0,0,7,7.6
724,1179,0,297,0,0,0,0,7,33.2
700,1180,0,320,0,0,0,0,7,38.4
300,1542,0,250,0,0,0,0,7,12.9
270,1542,0,245,0,0,0,0,7,10.3
391,739,1107,163,5.9,0,0,0,28,40.9
490,631,1169,160,7.4,0,0,0,28,63.05
450,672,1143,165,5.4,0,0,0,28,53
375,762,1093,170,4.9,0,0,0,28,47.15
340,780,1120,160,4.4,0,0,0,28,40.95
260,854,1130,156,3.1,0,0,0,28,25.75
495,684,1267,154,7.9,0,0,0,28,65.5
420,796,796,188,3.3,25.2,0,0,28,38.1
450,785,785,180,3.6,27,0,0,28,40
225,821,1105,158,4.512,151,0,0,28,37.5
377,785,1084,160,5.652,195,0,0,28,53.15
382,731,1144,148,8.586,95,0,0,28,63.7
394,725,1134,148,8.874,99,0,0,28,65.6
382,740,1110,168,5.73,0,0,0,28,47.5
400,733,1099,168,6,0,0,0,28,48.4
345,757,1136,162,5.175,0,0,0,28,44.55
314,770,1156,160,4.71,0,0,0,28,37.3
300,774,1161,165,4.2,0,0,0,28,31.95
274,762,1144,170,2.466,0,0,0,28,28.55
384,776,1072,168,5.76,0,0,0,28,48
400,753,1129,168,6,0,0,0,28,53.7
260,810,1030,162,5.6,140,0,0,28,31.1
384,776,1072,168,5.76,0,0,0,28,48
400,753,1129,168,6,0,0,0,28,53.7
382,740,1110,168,5.73,0,0,0,28,40.45
400,733,1099,168,6,0,0,0,28,44.8
345,757,1136,162,4.14,0,0,0,28,39.95
314,770,1156,160,3.768,0,0,0,28,35.9
300,774,1161,165,3.6,0,0,0,28,29.15
278,779,1168,175,3.336,0,0,0,28,24.15
391,736,1105,168,5.865,0,0,0,28,44.95
400,753,1129,168,6,0,0,0,28,50.6
484,722,1084,160,7.26,0,0,0,28,61.95
391,736,1105,168,5.865,0,0,0,28,44.95
400,753,1129,168,6,0,0,0,28,50.6
382,740,1110,168,5.73,0,0,0,28,40.45
400,733,1099,168,6,0,0,0,28,44.85
345,757,1136,162,4.14,0,0,0,28,40.15
314,770,1156,160,3.768,0,0,0,28,36.05
300,774,1161,165,3.6,0,0,0,28,28.9
278,759,1138,175,3.336,0,0,0,28,24.15
391,736,1105,168,5.865,0,0,0,28,45.05
400,753,1129,168,6,0,0,0,28,51.2
484,722,1084,160,7.26,0,0,0,28,61.4
391,736,1105,168,5.865,0,0,0,28,45.05
400,753,1129,168,6,0,0,0,28,51.2
382,759,1091,168,5.73,0,0,0,28,39.9
400,751,1081,168,6,0,0,0,28,44.65
345,776,1117,162,4.14,0,0,0,28,39.75
314,790,1136,160,3.768,0,0,0,28,36.2
300,793,1142,165,3.6,0,0,0,28,28.95
278,816,1081,175,3.336,0,0,0,28,24.25
391,755,1086,168,5.865,0,0,0,28,45.2
400,772,1110,168,6,0,0,0,28,51.1
484,722,1084,160,7.26,0,0,0,28,62.2
391,755,1086,168,5.865,0,0,0,28,45.2
400,772,1110,168,6,0,0,0,28,51.1
382,759,1091,168,5.73,0,0,0,28,40.75
400,751,1081,168,6,0,0,0,28,45
345,776,1117,162,4.14,0,0,0,28,40.55
314,790,1136,160,3.768,0,0,0,28,34.9
300,793,1142,165,3.6,0,0,0,28,28.7
278,816,1081,175,3.336,0,0,0,28,23.6
391,755,1086,168,5.865,0,0,0,28,44.3
400,772,1110,168,6,0,0,0,28,50.5
484,722,1084,160,7.26,0,0,0,28,62.1
391,755,1086,168,5.865,0,0,0,28,44.3
400,772,1110,168,6,0,0,0,28,50.5
382,759,1091,168,5.73,0,0,0,28,39.8
400,751,1081,168,6,0,0,0,28,45
345,776,1117,162,4.14,0,0,0,28,40.7
314,790,1136,160,3.768,0,0,0,28,35.8
300,793,1142,165,3.6,0,0,0,28,28.8
278,816,1081,175,3.336,0,0,0,28,23.9
391,755,1086,168,5.865,0,0,0,28,44.95
400,772,1110,168,6,0,0,0,28,50.05
484,722,1084,160,7.26,0,0,0,28,61.85
391,755,1086,168,5.865,0,0,0,28,44.95
400,772,1110,168,6,0,0,0,28,50.05
240,1580,0,230,0,0,0,0,28,12.2
280,1580,0,230,0,0,0,0,28,15
340,1580,0,240,0,0,0,0,28,21.1
420,1580,0,250,0,0,0,0,28,26
915,915,0,388,0,0,0,0,28,36.5
240,1580,0,230,0,0,0,0,28,13.6
280,1580,0,230,0,0,0,0,28,15.85
340,1580,0,240,0,0,0,0,28,19.5
420,1580,0,250,0,0,0,0,28,26.7
915,915,0,388,0,0,0,0,28,38
240,1580,0,230,0,0,0,0,28,12.3
280,1580,0,230,0,0,0,0,28,13.95
340,1580,0,240,0,0,0,0,28,19.7
420,1580,0,250,0,0,0,0,28,26.8
915,915,0,388,0,0,0,0,28,38.65
380,851,998,171,4.13,0,0,0,28,43.3
360,750,1125,166,4.32,0,0,0,28,43.75
260,869,1107,164,2.6,0,0,0,28,28.1
289,817,1132,165,3.179,0,0,0,28,32.1
324,766,1148,162,3.89,0,0,0,28,36.15
390,833,1017,160,4.18,0,0,0,28,45.6
410,802,1020,168,4.51,0,0,0,28,55.5
455,802,802,241,22.75,0,0,0,28,32.1
482,786,786,246,24.1,0,0,0,28,34.95
410,802,1020,168,4.51,0,0,0,28,54.95
390,833,1017,160,4.18,0,0,0,28,45.5
390,796,1054,160,4.18,0,0,0,28,46.8
410,802,1020,168,4.51,0,0,0,28,56.6
390,851,999,160,4.18,0,0,0,28,52
390,851,999,160,4.18,0,0,0,28,53.4
289,817,1132,162,2.89,0,0,0,28,32.2
360,788,1087,165,4.68,0,0,0,28,43.4
380,851,998,171,4.94,0,0,0,28,42.1
360,788,1087,165,3.96,0,0,0,28,42.55
380,851,998,171,5.32,0,0,0,28,44.55
482,786,786,246,38.56,0,0,0,28,32.45
455,802,802,241,36.4,0,0,0,28,32.8
380,851,998,171,5.32,0,0,0,28,46.5
410,802,1020,168,4.92,0,0,0,28,54
222,788,1088,155,4.797,147,0,0,28,44.2
471,660,1124,165,7.065,0,0,0,28,54.55
488,740,1064,158,7.32,0,0,0,28,62.45
482,786,786,246,38.56,0,0,0,28,34
455,802,802,241,36.4,0,0,0,28,31.1
410,802,1020,168,4.92,0,0,0,28,53.2
380,851,998,171,5.32,0,0,0,28,44.05
289,817,1132,162,2.89,0,0,0,28,32.15
360,788,1087,165,4.32,0,0,0,28,43
260,869,1107,164,2.6,0,0,0,28,30.45
249,738,1107,170,7.06,166,0,0,28,48.7
390,851,999,160,4.18,0,0,0,28,44.35
324,766,1148,162,3.89,0,0,0,28,34.75
530,670,1090,160,8.48,0,0,0,28,66.25
410,838,1024,168,4.51,0,0,0,28,55.3
482,786,786,246,38.56,0,0,0,28,34.1
455,802,802,241,36.4,0,0,0,28,28.35
530,670,1090,160,8.48,0,0,0,28,66.8
380,851,998,171,5.32,0,0,0,28,41.45
360,788,1087,165,4.32,0,0,0,28,42
324,766,1148,162,3.89,0,0,0,28,35
289,817,1132,162,2.89,0,0,0,28,27.15
260,869,1107,164,2.6,0,0,0,28,23.2
287,750,1080,165,5.87,148,0,0,28,42.9
390,851,999,160,4.18,0,0,0,28,44.5
410,838,1024,168,4.51,0,0,0,28,50.25
490,740,1064,158,8.82,0,0,0,28,64.75
490,740,1064,158,8.82,0,0,0,28,64.15
490,684,1020,160,7.35,0,0,0,28,66.8
530,670,1088,165,7.95,0,0,0,28,71.8
490,684,1020,160,7.35,0,0,0,28,66.75
530,670,1088,165,7.95,0,0,0,28,71.6
324,766,1148,162,3.89,0,0,0,28,46.9
289,817,1129,165,3.18,0,0,0,28,41.1
360,750,1125,165,4.32,0,0,0,28,44.95
380,851,998,171,5.7,0,0,0,28,51
277,869,1107,164,2.6,0,0,0,28,30.9
455,802,802,241,22.75,0,0,0,28,29.8
482,786,786,246,28.2,0,0,0,28,36.2
390,832,1017,160,4.29,0,0,0,28,52.25
410,801,1020,168,4.51,0,0,0,28,54.1
380,849,996,175,5.32,0,0,0,28,47.4
355,805,1066,174,4.26,0,0,0,28,43.25
320,858,1049,173,3.84,0,0,0,28,36.1
280,876,1070,174,3.36,0,0,0,28,32.35
252,928,1046,174,3.02,0,0,0,28,25.9
360,859,1008,173,4.32,0,0,0,28,46.85
410,785,1041,164,5.74,0,0,0,28,50.5
252,925,1044,179,2.52,0,0,0,28,24.5
280,873,1068,179,2.8,0,0,0,28,28.7
320,858,1049,173,3.84,0,0,0,28,38.2
355,805,1066,174,4.26,0,0,0,28,41.75
380,849,996,175,5.32,0,0,0,28,44.7
360,840,1027,173,4.32,0,0,0,28,45.3
410,785,1041,164,6.15,0,0,0,28,50.5
435,774,1026,165,6.09,0,0,0,28,51.8
495,737,1060,158,6.93,0,0,0,28,61.1
456,806,806,232,31.92,0,0,0,28,28.2
482,791,791,236,33.74,0,0,0,28,35.15
455,804,804,237,22.75,0,0,0,28,27.9
482,789,789,240,24.1,0,0,0,28,35.45
385,725,1184,156,5.78,0,0,0,28,7.2
370,731,1193,156,5.29,0,0,0,28,6.3
345,761,1189,155,4.485,0,0,0,28,5.6
400,850,1040,160,5.2,0,0,0,28,44.9
213,918,1122,147,2.77,0,0,0,28,22.3
280,888,1084,147,3.64,0,0,0,28,34.1
410,787,1043,160,5.33,0,0,0,28,50.1
280,900,1100,150,3.64,0,0,0,28,33.4
320,892,1091,147,4.16,0,0,0,28,40.6
280,880,1120,150,3.64,0,0,0,28,40.1
345,834,1117,145,4.48,0,0,0,28,51.8
250,860,1140,143,3.25,0,0,0,28,28
390,857,1048,156,4.68,0,0,0,28,46.7
374,1710,0,278,0,0,0,0,28,24.5
320,1710,0,275,0,0,0,0,28,18.4
916,916,0,317,11,0,0,0,28,35.6
269,1710,0,267,0,0,0,0,28,6.5
340,1710,0,271,0,0,0,0,28,12.9
305,1710,0,269,0,0,0,0,28,9.6
628,1016,0,302,5,0,0,0,28,25.1
380,790,1047,167,5.7,0,0,0,28,39.8
413,726,1090,165,6.2,0,0,0,28,48.2
393,775,1071,165,5.9,0,0,0,28,44.6
302,882,1035,166,3.02,0,0,0,28,24.5
319,865,1055,166,3.83,0,0,0,28,28.4
341,835,1063,167,4.09,0,0,0,28,34.1
365,805,1068,168,4.09,0,0,0,28,40
360,807,1070,169,4.32,0,0,0,28,38.7
376,786,1086,158,4.89,0,0,0,28,45.2
317,866,1058,165,3.8,0,0,0,28,28.7
386,780,1076,162,4.63,0,0,0,28,44.2
476,688,1077,162,7.14,0,0,0,28,60.6
252,931,1050,164,2.52,0,0,0,28,19.8
457,937,751,215,27.42,0,0,0,28,34.6
307,808,1070,215,0,0,0,0,28,24.8
307,808,1070,215,0,0,0,0,28,24.2
234,858,1091,176,6.05,41,0,0,28,22
249,850,1081,176,6.45,44,0,0,28,27.2
287,830,1056,176,7.44,51,0,0,28,33.8
332,807,1026,176,8.99,59,0,0,28,39.1
340,843,1031,176,9.2,60,0,0,28,38.9
249,846,1211,184,5.478,0,0,0,28,22.1
275,835,1106,184,6.05,0,0,0,28,28.8
320,819,1085,176,7.04,0,0,0,28,34.1
359,802,1063,176,8.257,0,0,0,28,39.1
391,866,1017,176,8.993,0,0,0,28,40.7
214,861,1141,184,4.708,0,0,0,28,16.8
354,801,1061,184,7.788,0,0,0,28,27.5
479,743,1070,158,13.891,0,0,0,28,61.1
354,760,1093,158,12.731,0,0,0,28,50.1
431,725,1184,110,12.499,0,0,0,28,5.8
280,864,1100,156,2.5,0,0,0,28,24.35
380,837,1023,160,5.7,0,0,0,28,42.75
330,843,1072,155,3.96,0,0,0,28,35.25
300,853,1087,160,3,0,0,0,28,29.8
360,832,1058,150,4.68,0,0,0,28,44.4
395,794,1053,158,6.32,0,0,0,28,45.55
230,1607,0,243,0,0,0,0,28,11.3
260,1609,0,250,0,0,0,0,28,19.7
280,887,1042,171,1.54,0,0,0,28,25.05
323,859,1050,168,2.1,0,0,0,28,32.8
350,856,1046,168,2.625,0,0,0,28,37.15
384,845,1032,169,3.456,0,0,0,28,41.1
384,845,1032,169,3.456,0,0,0,28,41.1
383,859,1008,180,3.447,0,0,0,28,41.05
431,773,1068,168,4.31,0,0,0,28,51.7
431,773,1068,168,4.31,0,0,0,28,50.05
475,711,1112,152,5.7,0,0,0,28,62.95
230,988,987,145,2.3,0,0,0,28,24.05
260,938,1006,156,3.12,0,0,0,28,29.6
300,884,1037,159,3.6,0,0,0,28,36.5
340,869,1020,170,4.08,0,0,0,28,44.6
360,883,995,162,5.4,0,0,0,28,44.5
380,770,1108,152,4.94,0,0,0,28,47.3
400,760,1094,156,6,0,0,0,28,55.3
400,760,1094,156,6,0,0,0,28,56.95
480,699,1093,158,7.2,0,0,0,28,66.95
470,877,809,214,6.5,22.5,0,0,28,27.56666667
490,884,816,220,6.7,23,0,0,28,34.63333333
247,894,1051,158,3.71,0,0,0,28,26.2
267,885,1038,160,4.01,0,0,0,28,28.1
300,845,1076,159,4.5,0,0,0,28,34.8
340,832,1058,170,4.76,0,0,0,28,40.85
360,808,1070,162,6.48,0,0,0,28,41.3
380,771,1121,138,5.32,0,0,0,28,46.3
400,760,1094,156,6.8,0,0,0,28,53.75
400,760,1094,156,7.2,0,0,0,28,55.8
490,816,884,220,4.9,23,0,0,28,34.46666667
470,809,877,214,5.17,22.5,0,0,28,28.73333333
480,767,1059,144,7.68,0,0,0,28,67.95
460,778,1074,138,7.38,0,0,0,28,66.1
292,898,1055,175,3.212,0,0,0,28,27.9
314,880,1076,160,4.71,0,0,0,28,33.6
360,802,1107,151,5.4,0,0,0,28,42.3
390,842,1028,160,6.24,0,0,0,28,44.4
388,788,1089,155,5.82,0,0,0,28,51.2
415,792,1051,162,6.22,0,0,0,28,51.8
433,751,1080,156,6.93,0,0,0,28,56.45
277,883,1080,180,2.77,0,0,0,28,25.85
286,818,1041,160,5.72,95,0,0,28,41.3
418,888,756,188,5.85,25.08,0,0,28,28.4
455,898,765,182,6.37,27.3,0,0,28,34.75
292,898,1055,175,3.212,0,0,0,28,28.25
314,880,1076,160,4.71,0,0,0,28,34.3
360,802,1107,151,5.4,0,0,0,28,44.05
390,842,1028,160,6.24,0,0,0,28,44.9
388,788,1089,155,5.82,0,0,0,28,51.05
415,792,1051,162,6.22,0,0,0,28,52.6
277,883,1080,180,2.77,0,0,0,28,27.05
286,818,1041,160,5.72,95,0,0,28,42.05
433,751,1080,156,6.93,0,0,0,28,57.9
418,888,756,188,5.85,25.08,0,0,28,29.4
455,898,765,182,6.37,27.3,0,0,28,33.4
438,764,1056,162,7.01,0,0,0,28,52.85
438,764,1056,162,7.01,0,0,0,28,52.7
235,860,1095,160,0,0,0,0,28,21.6
250,854,1087,160,3,0,0,0,28,21.6
306,753,1129,170,3.672,0,0,0,28,35.55
359,716,1167,158,4.308,0,0,0,28,43
381,762,1097,160,4.953,0,0,0,28,41.15
372,747,1121,160,4.464,0,0,0,28,42.25
386,758,1090,166,4.632,0,0,0,28,47.45
420,743,1069,168,5.04,0,0,0,28,52.25
494,670,1141,158,7.904,0,0,0,28,63.95
330,742,1113,165,3.96,0,0,0,28,37.95
330,742,1113,165,3.96,0,0,0,28,38.1
235,860,1095,160,0,0,0,0,28,21.6
250,854,1087,160,3,0,0,0,28,25.4
306,753,1129,170,3.672,0,0,0,28,36
359,716,1167,158,4.308,0,0,0,28,42.95
381,762,1097,160,4.953,0,0,0,28,41.25
372,747,1121,160,4.464,0,0,0,28,46.8
386,758,1090,166,4.632,0,0,0,28,48.5
420,743,1069,168,5.04,0,0,0,28,51.45
494,670,1141,158,7.904,0,0,0,28,64.9
330,742,1113,165,3.96,0,0,0,28,38.05
235,860,1095,160,0,0,0,0,28,21.65
250,854,1087,160,3,0,0,0,28,25.65
306,753,1129,170,3.672,0,0,0,28,36.65
359,716,1167,158,4.308,0,0,0,28,42.35
381,762,1097,160,4.953,0,0,0,28,42.45
372,747,1121,160,4.464,0,0,0,28,45.25
386,758,1090,166,4.632,0,0,0,28,48.4
420,743,1069,168,5.04,0,0,0,28,52.45
494,670,1141,158,7.904,0,0,0,28,65.2
485,687,1120,158,7.76,0,0,0,28,64.25
386,830,1014,170,4.63,0,0,0,28,47.2
362,806,1069,163,4.34,0,0,0,28,44.9
324,841,1070,165,3.89,0,0,0,28,41.4
298,828,1054,170,2.98,0,0,0,28,37.8
266,842,1072,170,2.66,0,0,0,28,28.8
397,813,1035,155,4.76,0,0,0,28,49.3
389,845,991,175,5.446,0,0,0,28,43.5
402,788,1046,165,5.628,0,0,0,28,46.2
278,837,1110,175,3.614,0,0,0,28,25.6
304,828,1398,170,3.952,0,0,0,28,30.2
324,817,1084,175,4.212,0,0,0,28,36.2
425,774,1029,170,5.95,0,0,0,28,52.7
386,793,1051,170,5.018,0,0,0,28,45.9
391,841,988,180,5.474,0,0,0,28,47.1
405,785,1040,170,5.67,0,0,0,28,52.1
494,663,1130,163,7.41,0,0,0,28,64.5
389,863,972,175,5.835,0,0,0,28,45.9
400,808,1028,164,5.2,0,0,0,28,59.5
421,800,1020,160,5.473,0,0,0,28,59.2
497,662,1127,164,7.455,0,0,0,28,68.2
382,814,1132,168,4.966,0,0,0,28,48.5
329,837,1066,168,3.948,0,0,0,28,37.8
304,847,1080,170,3.648,0,0,0,28,35.6
278,857,1090,175,3.336,0,0,0,28,31.5
491,721,1081,157,7.365,0,0,0,28,64.6
424,782,1037,157,5.512,0,0,0,28,56.7
302,835,1106,157,3.624,0,0,0,28,36.5
276,845,1120,160,3.312,0,0,0,28,28
337,820,1088,155,4.044,0,0,0,28,39.7
369,807,1069,155,4.428,0,0,0,28,45.9
386,830,1014,170,4.632,0,0,0,28,47.5
405,792,1049,154,5.265,0,0,0,28,51.8
485,686,1119,160,7.76,0,0,0,28,67.8
485,686,1119,160,7.275,0,0,0,28,68.8
422,686,1130,156,5.486,0,0,0,28,8.38
485,686,1119,160,7.275,0,0,0,28,68.6
485,704,1101,160,8.73,0,0,0,28,68.4
379,882,995,144,5.685,0,0,0,28,34.1
278,843,1118,161,3.336,0,0,0,28,28.15
310,829,1100,161,3.72,0,0,0,28,35.25
346,815,1080,159,4.152,0,0,0,28,38.25
383,798,1058,161,4.569,0,0,0,28,45.05
424,764,1056,157,5.512,0,0,0,28,55.65
271,825,1094,160,2.981,0,0,0,28,37.4
296,836,1108,160,3.552,0,0,0,28,39.8
330,840,1068,162,3.96,0,0,0,28,40.95
353,828,1053,166,4.236,0,0,0,28,38.5
382,814,1036,168,5.73,0,0,0,28,50.75
386,834,1060,170,5.018,0,0,0,28,42.7
479,823,823,225,38.32,0,0,0,28,36.8
382,740,1110,168,8.79,0,0,0,28,43.7
398,754,1131,167,9.15,0,0,0,28,46.6
388,834,1061,167,7.76,0,0,0,28,48.4
490,805,805,250,39.2,0,0,0,28,37.6
353,828,1053,166,6.35,0,0,0,28,43.9
331,820,1087,162,5.3,0,0,0,28,37.7
296,836,1108,160,4.14,0,0,0,28,32.7
271,825,1094,160,3.25,0,0,0,28,26.4
391,842,1029,168,7.82,0,0,0,28,46.5
388,847,1078,167,5.82,0,0,0,28,49.4
398,835,1020,167,5.97,0,0,0,28,50.7
428,814,1037,167,6.42,0,0,0,28,56.4
490,805,805,250,39.2,0,0,0,28,36.05
499,807,1028,166,6.74,0,0,0,28,51.2
361,824,1049,166,4.33,0,0,0,28,41.95
331,820,1087,162,3.97,0,0,0,28,35.05
296,836,1108,160,3.55,0,0,0,28,30.65
271,825,1094,160,3.25,0,0,0,28,24.1
494,663,1130,163,7.41,0,0,0,28,65.6
494,735,1058,163,7.41,0,0,0,28,66.45
451,806,1026,167,6.76,0,0,0,28,57.65
439,811,1033,167,6.58,0,0,0,28,55.5
407,825,1051,167,6.1,0,0,0,28,49.95
398,829,1056,167,5.97,0,0,0,28,47.65
391,810,1031,168,5.86,0,0,0,28,46.3
369,821,1044,166,4.43,0,0,0,28,46.5
338,817,1083,162,4.06,0,0,0,28,39.65
312,828,1098,162,3.74,0,0,0,28,33.3
284,819,1085,162,3.41,0,0,0,28,28.9
310,1588,0,270,0,0,0,0,28,10.4
360,1588,0,270,0,0,0,0,28,12.6
806,918,0,476,0,0,0,0,28,40.6
240,1605,0,221,0,0,0,0,28,11.55
280,1605,0,230,0,0,0,0,28,14.7
325,1605,0,244,0,0,0,0,28,19.65
402,1533,0,265,0,0,0,0,28,25.8
881,950,0,317,0,0,0,0,28,37.75
235,1712,0,257,0,0,0,0,28,12.6
258,1696,0,265,0,0,0,0,28,15
857,857,0,386,6,0,0,0,28,38.3
857,857,0,386,6.86,0,0,0,28,39.8
258,1598,0,268,0,0,0,0,28,9.3
284,1598,0,270,0,0,0,0,28,12.3
254,1708,0,270,0,0,0,0,28,15.33333333
280,1708,0,250,0,0,0,0,28,17.8
473,1708,0,300,0,0,0,0,28,39.63333333
250,1600,0,220,0,0,0,0,28,11.6
280,1600,0,220,0,0,0,0,28,13.4
338,1600,0,270,0,0,0,0,28,22
440,1600,0,295,0,0,0,0,28,25.4
704,1600,0,380,0,0,0,0,28,38
230,1600,0,190,0,0,0,0,28,11.2
724,1179,0,297,0,0,0,0,28,41.1
700,1180,0,320,0,0,0,0,28,41.8
300,1542,0,250,0,0,0,0,28,14.6
270,1542,0,245,0,0,0,0,28,12.4
